,date,no1,no2,no3,no4,no5,no6,no7,singular,plural,l10,l20,l30,l40,l50
0,2022-08-18,2,8,19,21,24,47,4,3,3,2,1,2,0,1
1,2022-08-16,7,20,31,35,41,47,42,5,1,1,1,0,2,2
2,2022-08-13,6,22,25,33,38,47,10,3,3,1,0,2,2,1
3,2022-08-11,7,12,22,26,43,49,5,3,3,1,1,2,0,2
4,2022-08-09,1,12,25,28,36,46,13,2,4,1,1,2,1,1
5,2022-08-04,13,24,30,35,36,39,29,3,3,0,1,2,3,0
6,2022-08-02,4,8,9,11,42,46,47,2,4,3,1,0,0,2
7,2022-07-30,21,25,34,37,41,46,14,4,2,0,0,2,2,2
8,2022-07-28,8,13,16,21,23,49,44,4,2,1,2,2,0,1
9,2022-07-26,6,14,23,31,38,48,1,2,4,1,1,1,2,1
10,2022-07-22,5,12,21,30,34,38,3,2,4,1,1,2,2,0
11,2022-07-15,19,20,25,29,46,47,35,4,2,0,2,2,0,2
12,2022-07-12,4,13,22,27,43,47,23,4,2,1,1,2,0,2
13,2022-07-08,7,10,28,30,32,36,27,1,5,2,0,2,2,0
14,2022-07-05,9,30,31,32,37,40,25,3,3,1,0,1,4,0
15,2022-07-03,19,21,23,26,37,39,13,5,1,0,1,3,2,0
16,2022-06-27,1,13,19,26,29,37,15,5,1,1,2,2,1,0
17,2022-06-21,2,15,20,30,47,48,44,2,4,1,2,1,0,2
18,2022-06-17,9,17,24,27,33,39,48,5,1,1,1,2,2,0
19,2022-06-14,7,16,21,30,34,38,41,2,4,1,1,2,2,0
20,2022-06-10,11,17,24,26,37,41,34,4,2,0,2,2,1,1
21,2022-06-07,9,16,21,35,47,48,36,4,2,1,1,1,1,2
22,2022-06-03,1,27,32,35,38,44,24,3,3,1,0,1,3,1
23,2022-05-31,2,13,35,39,43,48,9,4,2,1,1,0,2,2
24,2022-05-27,1,17,25,29,42,46,8,4,2,1,1,2,0,2
25,2022-05-24,5,7,8,17,47,49,34,5,1,3,1,0,0,2
26,2022-05-20,27,30,36,38,45,46,34,2,4,0,0,2,2,2
27,2022-05-17,4,7,29,35,40,46,17,3,3,2,0,1,2,1
28,2022-05-13,1,5,10,22,30,34,42,2,4,3,0,2,1,0
29,2022-05-10,12,14,19,39,41,48,33,3,3,0,3,0,1,2
30,2022-05-06,2,15,41,42,44,46,40,2,4,1,1,0,0,4
31,2022-05-03,3,8,11,15,18,40,41,3,3,2,3,0,1,0
32,2022-04-29,1,7,16,28,31,48,18,3,3,2,1,1,1,1
33,2022-04-26,9,23,30,32,34,40,25,2,4,1,0,2,3,0
34,2022-04-22,8,11,15,19,34,37,25,4,2,1,3,0,2,0
35,2022-04-19,12,23,28,34,39,46,44,2,4,0,1,2,2,1
36,2022-04-15,21,25,30,36,37,47,42,4,2,0,0,3,2,1
37,2022-04-12,8,11,12,20,26,30,28,1,5,1,3,2,0,0
38,2022-04-08,10,20,36,38,43,48,30,1,5,1,1,0,2,2
39,2022-04-05,9,11,12,22,29,42,3,3,3,1,2,2,0,1
40,2022-04-01,4,8,21,40,46,49,34,2,4,2,0,1,1,2
41,2022-03-29,8,18,21,35,37,38,10,3,3,1,1,1,3,0
42,2022-03-25,15,20,26,28,29,46,12,2,4,0,2,3,0,1
43,2022-03-22,6,28,32,33,40,45,1,2,4,1,0,1,3,1
44,2022-03-18,12,18,22,30,40,49,15,1,5,0,2,2,1,1
45,2022-03-15,3,10,12,28,39,48,17,2,4,2,1,1,1,1
46,2022-03-11,11,20,23,29,38,47,12,4,2,0,2,2,1,1
47,2022-03-08,1,5,23,42,46,49,11,4,2,2,0,1,0,3
48,2022-03-03,12,19,21,22,40,43,46,3,3,0,2,2,1,1
49,2022-02-24,2,9,11,12,16,24,43,2,4,2,3,1,0,0
50,2022-02-17,6,7,22,34,35,46,8,2,4,2,0,1,2,1
51,2022-02-10,6,13,17,28,35,44,5,3,3,1,2,1,1,1
52,2022-02-05,15,18,21,25,39,43,33,5,1,0,2,2,1,1
53,2022-01-27,10,18,20,29,32,33,2,2,4,1,2,1,2,0
54,2022-01-20,1,3,10,11,30,42,39,3,3,3,1,1,0,1
55,2022-01-04,2,8,12,14,20,47,36,1,5,2,3,0,0,1
56,2021-12-30,20,21,22,29,34,35,7,3,3,0,1,3,2,0
57,2021-12-28,21,25,30,33,36,49,3,4,2,0,0,3,2,1
58,2021-12-25,8,11,20,30,35,40,27,2,4,1,2,1,2,0
59,2021-12-23,3,9,11,17,22,44,23,4,2,2,2,1,0,1
60,2021-12-21,11,12,16,32,43,44,41,2,4,0,3,0,1,2
61,2021-12-19,12,20,21,26,33,42,9,2,4,0,2,2,1,1
62,2021-12-16,5,6,19,43,47,49,39,5,1,2,1,0,0,3
63,2021-12-14,7,24,29,36,41,43,35,4,2,1,0,2,1,2
64,2021-12-11,7,21,34,35,42,48,41,3,3,1,0,1,2,2
65,2021-12-09,4,7,9,13,15,43,1,5,1,3,2,0,0,1
66,2021-12-07,4,13,19,21,35,43,27,5,1,1,2,1,1,1
67,2021-12-04,1,21,24,29,44,46,19,3,3,1,0,3,0,2
68,2021-12-02,3,21,26,36,38,49,9,3,3,1,0,2,2,1
69,2021-11-30,1,17,22,26,38,44,8,2,4,1,1,2,1,1
70,2021-11-27,2,14,30,41,42,44,22,1,5,1,1,1,0,3
71,2021-11-25,10,28,36,39,47,48,44,2,4,1,0,1,2,2
72,2021-11-23,2,6,11,22,34,38,7,1,5,2,1,1,2,0
73,2021-11-20,18,19,24,38,39,42,41,2,4,0,2,1,2,1
74,2021-11-18,2,16,23,25,29,38,18,3,3,1,1,3,1,0
75,2021-11-16,9,13,25,27,33,36,35,5,1,1,1,2,2,0
76,2021-11-14,1,11,15,21,24,28,8,4,2,1,2,3,0,0
77,2021-11-11,10,13,31,37,40,46,15,3,3,1,1,0,3,1
78,2021-11-09,3,11,15,25,30,45,33,5,1,1,2,2,0,1
79,2021-11-06,13,15,40,41,42,49,21,4,2,0,2,0,1,3
80,2021-11-04,3,22,30,32,40,43,5,2,4,1,0,2,2,1
81,2021-11-02,4,5,24,33,44,49,41,3,3,2,0,1,1,2
82,2021-10-30,3,14,37,41,42,45,4,4,2,1,1,0,1,3
83,2021-10-28,1,5,17,26,34,48,42,3,3,2,1,1,1,1
84,2021-10-26,9,14,23,28,34,48,36,2,4,1,1,2,1,1
85,2021-10-21,6,9,11,13,15,47,38,5,1,2,3,0,0,1
86,2021-10-19,7,13,15,19,24,37,2,5,1,1,3,1,1,0
87,2021-10-16,3,14,16,23,38,46,2,2,4,1,2,1,1,1
88,2021-10-14,2,6,9,27,43,45,35,4,2,3,0,1,0,2
89,2021-10-07,8,11,19,21,24,47,23,4,2,1,2,2,0,1
90,2021-10-05,19,20,26,29,32,48,38,2,4,0,2,2,1,1
91,2021-10-02,6,12,19,31,47,48,41,3,3,1,2,0,1,2
92,2021-09-30,2,3,11,20,24,47,48,3,3,2,2,1,0,1
93,2021-09-28,2,23,31,38,43,45,40,4,2,1,0,1,2,2
94,2021-09-25,15,18,32,43,45,47,12,4,2,0,2,0,1,3
95,2021-09-23,2,4,10,17,38,41,47,2,4,3,1,0,1,1
96,2021-09-21,14,15,25,26,32,45,2,3,3,0,2,2,1,1
97,2021-09-16,1,6,11,20,32,35,22,3,3,2,2,0,2,0
98,2021-09-14,7,8,32,33,39,49,23,4,2,2,0,0,3,1
99,2021-09-11,12,26,31,37,38,44,16,2,4,0,1,1,3,1
100,2021-09-09,7,22,24,31,33,37,39,4,2,1,0,2,3,0
101,2021-09-07,2,7,21,23,27,36,40,4,2,2,0,3,1,0
102,2021-09-04,5,8,29,31,32,36,12,3,3,2,0,1,3,0
103,2021-09-02,10,28,39,45,48,49,15,3,3,1,0,1,1,3
104,2021-08-31,1,12,23,29,45,46,48,4,2,1,1,2,0,2
105,2021-08-28,2,14,15,16,33,45,19,3,3,1,3,0,1,1
106,2021-08-26,5,10,17,30,43,44,40,3,3,2,1,1,0,2
107,2021-08-21,2,5,18,21,42,48,46,2,4,2,1,1,0,2
108,2021-08-19,4,26,28,31,32,33,8,2,4,1,0,2,3,0
109,2021-08-14,11,12,19,38,39,41,6,4,2,0,3,0,2,1
110,2021-08-12,20,21,30,34,36,37,29,2,4,0,1,2,3,0
111,2021-08-10,4,12,14,17,22,32,41,1,5,1,3,1,1,0
112,2021-08-07,13,14,26,34,35,44,12,2,4,0,2,1,2,1
113,2021-08-05,10,17,19,25,36,39,31,4,2,1,2,1,2,0
114,2021-08-03,10,13,15,29,31,39,47,5,1,1,2,1,2,0
115,2021-08-01,1,4,9,21,36,42,3,3,3,3,0,1,1,1
116,2021-07-27,8,11,19,22,29,44,14,3,3,1,2,2,0,1
117,2021-07-24,11,12,25,27,28,34,46,3,3,0,2,3,1,0
118,2021-07-22,2,3,4,5,8,23,27,3,3,5,0,1,0,0
119,2021-07-20,2,7,15,19,31,49,46,5,1,2,2,0,1,1
120,2021-07-17,1,6,16,30,32,47,12,2,4,2,1,1,1,1
121,2021-07-15,6,19,22,23,28,49,20,3,3,1,1,3,0,1
122,2021-07-13,9,13,21,35,38,48,20,4,2,1,1,1,2,1
123,2021-07-10,25,28,34,37,40,49,33,3,3,0,0,2,3,1
124,2021-07-08,7,9,13,27,39,43,42,6,0,2,1,1,1,1
125,2021-07-06,2,6,15,16,26,34,14,1,5,2,2,1,1,0
126,2021-07-03,7,9,24,29,37,48,17,4,2,2,0,2,1,1
127,2021-06-29,10,16,24,39,44,47,28,2,4,1,1,1,1,2
128,2021-06-27,2,7,11,27,37,42,28,4,2,2,1,1,1,1
129,2021-06-24,4,11,14,21,38,48,31,2,4,1,2,1,1,1
130,2021-06-22,1,5,7,24,26,30,8,3,3,3,0,3,0,0
131,2021-06-19,4,15,17,32,38,43,30,3,3,1,2,0,2,1
132,2021-06-17,1,25,31,34,42,48,20,3,3,1,0,1,2,2
133,2021-06-15,3,11,13,22,44,45,4,4,2,1,2,1,0,2
134,2021-06-11,2,3,15,29,41,43,7,5,1,2,1,1,0,2
135,2021-06-08,7,13,21,24,28,30,10,3,3,1,1,4,0,0
136,2021-06-04,2,6,16,22,34,49,45,1,5,2,1,1,1,1
137,2021-06-01,1,6,16,28,33,36,8,2,4,2,1,1,2,0
138,2021-05-28,5,12,30,43,44,45,21,3,3,1,1,1,0,3
139,2021-05-25,1,7,19,22,27,49,20,5,1,2,1,2,0,1
140,2021-05-21,8,14,31,37,44,47,38,3,3,1,1,0,2,2
141,2021-05-18,2,9,26,34,35,36,4,2,4,2,0,1,3,0
142,2021-05-14,5,14,28,29,31,37,11,4,2,1,1,2,2,0
143,2021-05-11,15,22,30,31,35,45,6,4,2,0,1,2,2,1
144,2021-05-07,5,8,22,26,40,41,46,2,4,2,0,2,1,1
145,2021-05-04,8,9,10,19,38,45,6,3,3,3,1,0,1,1
146,2021-04-30,7,9,29,33,36,49,41,5,1,2,0,1,2,1
147,2021-04-27,2,13,15,19,38,41,30,4,2,1,3,0,1,1
148,2021-04-23,15,18,20,23,31,47,12,4,2,0,3,1,1,1
149,2021-04-20,12,32,40,42,48,49,27,1,5,0,1,0,2,3
150,2021-04-16,5,6,17,23,29,38,24,4,2,2,1,2,1,0
151,2021-04-13,7,10,13,14,20,35,49,3,3,2,3,0,1,0
152,2021-04-09,7,9,12,13,14,16,23,3,3,2,4,0,0,0
153,2021-04-06,4,7,8,20,22,41,21,2,4,3,1,1,0,1
154,2021-04-02,1,2,33,34,42,49,39,3,3,2,0,0,2,2
155,2021-03-30,24,26,36,37,41,43,31,3,3,0,0,2,2,2
156,2021-03-26,6,12,24,26,30,43,20,1,5,1,1,3,0,1
157,2021-03-23,11,14,16,19,38,41,6,3,3,0,4,0,1,1
158,2021-03-19,3,8,9,14,23,25,35,4,2,3,1,2,0,0
159,2021-03-12,16,17,21,24,43,47,30,4,2,0,2,2,0,2
160,2021-03-05,1,23,32,38,43,46,5,3,3,1,0,1,2,2
161,2021-03-02,6,15,16,21,27,28,43,3,3,1,2,3,0,0
162,2021-02-26,14,17,35,37,39,46,2,4,2,0,2,0,3,1
163,2021-02-23,2,14,18,28,34,44,21,0,6,1,2,1,1,1
164,2021-02-19,4,5,13,14,25,44,16,3,3,2,2,1,0,1
165,2021-02-16,3,13,28,30,31,45,22,4,2,1,1,2,1,1
166,2021-02-12,6,25,31,36,41,47,10,4,2,1,0,1,2,2
167,2021-02-09,1,2,16,20,31,38,7,2,4,2,2,0,2,0
168,2021-02-05,10,16,22,40,44,45,49,1,5,1,1,1,1,2
169,2021-02-02,18,21,24,26,30,35,48,2,4,0,1,4,1,0
170,2021-01-29,2,10,30,31,35,46,3,2,4,2,0,1,2,1
171,2021-01-26,5,9,16,21,44,49,15,4,2,2,1,1,0,2
172,2021-01-22,15,16,18,21,24,31,22,3,3,0,3,2,1,0
173,2021-01-19,14,21,22,38,40,45,17,2,4,0,1,2,2,1
174,2021-01-15,4,24,39,41,42,45,6,3,3,1,0,1,1,3
175,2021-01-12,5,19,22,26,35,40,2,3,3,1,1,2,2,0
176,2021-01-08,5,19,29,32,33,34,43,4,2,1,1,1,3,0
177,2021-01-05,22,24,30,36,38,46,33,0,6,0,0,3,2,1
178,2021-01-02,3,9,14,21,45,46,34,4,2,2,1,1,0,2
179,2020-12-29,10,11,24,39,41,42,22,3,3,1,1,1,1,2
180,2020-12-25,14,18,24,27,28,41,45,2,4,0,2,3,0,1
181,2020-12-22,11,20,36,37,39,48,21,3,3,0,2,0,3,1
182,2020-12-18,8,11,12,23,34,49,28,3,3,1,2,1,1,1
183,2020-12-15,2,11,13,20,21,33,14,4,2,1,3,1,1,0
184,2020-12-11,1,11,23,29,41,46,44,5,1,1,1,2,0,2
185,2020-12-08,7,32,34,35,48,49,23,3,3,1,0,0,3,2
186,2020-12-04,11,13,19,38,39,41,47,5,1,0,3,0,2,1
187,2020-12-01,24,27,29,31,42,47,22,4,2,0,0,3,1,2
188,2020-11-27,5,12,13,23,27,38,39,4,2,1,2,2,1,0
189,2020-11-24,7,12,16,22,45,47,25,3,3,1,2,1,0,2
190,2020-11-20,22,25,30,33,34,43,24,3,3,0,0,3,2,1
191,2020-11-17,13,19,20,21,33,49,45,5,1,0,3,1,1,1
192,2020-11-13,6,15,17,18,28,47,32,3,3,1,3,1,0,1
193,2020-11-10,13,15,25,28,45,49,24,5,1,0,2,2,0,2
194,2020-11-06,11,17,35,36,38,40,6,3,3,0,2,0,4,0
195,2020-10-29,6,11,33,38,40,43,2,3,3,1,1,0,3,1
196,2020-10-22,1,13,19,24,29,45,26,5,1,1,2,2,0,1
197,2020-10-15,9,26,28,33,38,46,44,2,4,1,0,2,2,1
198,2020-10-08,21,28,33,34,40,47,49,3,3,0,0,2,3,1
199,2020-09-29,9,21,26,27,28,48,45,3,3,1,0,4,0,1
200,2020-09-24,11,24,26,35,42,44,20,2,4,0,1,2,1,2
201,2020-02-01,3,5,30,31,43,48,13,4,2,2,0,1,1,2
202,2020-01-23,2,11,13,45,46,49,42,4,2,1,2,0,0,3
203,2020-01-21,11,14,21,28,37,44,36,3,3,0,2,2,1,1
204,2020-01-18,18,29,32,33,36,40,38,2,4,0,1,1,4,0
205,2020-01-16,2,20,24,30,32,46,1,0,6,1,1,2,1,1
206,2020-01-12,5,17,35,37,42,49,39,5,1,1,1,0,2,2
207,2020-01-07,1,24,25,27,31,37,8,5,1,1,0,3,2,0
208,2020-01-02,15,17,29,30,34,37,40,4,2,0,2,2,2,0
209,2019-12-31,5,10,18,20,28,33,17,2,4,2,2,1,1,0
210,2019-12-28,1,22,25,27,31,36,47,4,2,1,0,3,2,0
211,2019-12-24,5,11,14,23,30,32,20,3,3,1,2,2,1,0
212,2019-12-22,11,22,24,26,41,42,2,2,4,0,1,3,0,2
213,2019-12-19,22,24,28,31,35,39,12,3,3,0,0,3,3,0
214,2019-12-17,3,20,23,30,34,41,47,3,3,1,1,2,1,1
215,2019-12-14,2,4,6,8,28,29,5,1,5,4,0,2,0,0
216,2019-12-12,6,21,32,35,39,49,15,4,2,1,0,1,3,1
217,2019-12-10,5,6,11,12,28,35,17,3,3,2,2,1,1,0
218,2019-12-07,14,25,26,30,32,47,4,2,4,0,1,3,1,1
219,2019-12-05,2,6,8,16,23,31,1,2,4,3,1,1,1,0
220,2019-12-03,1,15,23,29,45,47,6,6,0,1,1,2,0,2
221,2019-11-30,1,10,18,24,40,49,7,2,4,2,1,1,1,1
222,2019-11-28,22,23,29,36,41,44,2,3,3,0,0,3,1,2
223,2019-11-26,5,9,15,25,42,45,38,5,1,2,1,1,0,2
224,2019-11-24,1,20,28,30,35,46,15,2,4,1,1,2,1,1
225,2019-11-21,3,4,5,10,35,38,7,3,3,4,0,0,2,0
226,2019-11-19,1,4,12,13,24,42,48,2,4,2,2,1,0,1
227,2019-11-16,10,23,28,39,44,47,13,3,3,1,0,2,1,2
228,2019-11-14,2,3,13,18,31,49,14,4,2,2,2,0,1,1
229,2019-11-10,6,17,18,23,31,46,44,3,3,1,2,1,1,1
230,2019-11-07,7,20,30,33,34,44,46,2,4,1,1,1,2,1
231,2019-11-02,13,15,25,30,40,46,26,3,3,0,2,2,1,1
232,2019-10-29,2,10,13,19,20,24,17,2,4,2,3,1,0,0
233,2019-10-26,1,17,24,30,40,49,48,3,3,1,1,2,1,1
234,2019-10-24,7,10,16,23,27,34,24,3,3,2,1,2,1,0
235,2019-10-22,1,6,11,31,41,47,32,5,1,2,1,0,1,2
236,2019-10-19,1,6,19,22,42,44,25,2,4,2,1,1,0,2
237,2019-10-17,14,18,19,21,45,47,49,4,2,0,3,1,0,2
238,2019-10-13,10,16,27,29,37,42,44,3,3,1,1,2,1,1
239,2019-10-08,13,23,35,36,43,47,16,5,1,0,1,1,2,2
240,2019-10-03,1,12,13,15,19,45,44,5,1,1,4,0,0,1
241,2019-09-29,2,3,7,10,18,48,33,2,4,4,1,0,0,1
242,2019-09-26,2,3,11,20,27,46,4,3,3,2,2,1,0,1
243,2019-09-24,6,17,44,45,46,49,41,3,3,1,1,0,0,4
244,2019-09-22,3,28,39,40,42,44,37,2,4,1,0,1,2,2
245,2019-09-19,8,17,34,39,42,44,7,2,4,1,1,0,2,2
246,2019-09-17,12,20,22,26,30,36,2,0,6,0,2,3,1,0
247,2019-09-14,1,4,7,12,19,28,43,3,3,3,2,1,0,0
248,2019-09-12,5,23,24,25,31,33,7,5,1,1,0,3,2,0
249,2019-09-10,11,12,13,28,43,49,47,4,2,0,3,1,0,2
250,2019-09-07,7,8,12,25,43,45,13,4,2,2,1,1,0,2
251,2019-09-05,3,4,18,29,41,44,39,3,3,2,1,1,0,2
252,2019-09-03,2,8,17,24,27,39,10,3,3,2,1,2,1,0
253,2019-08-31,1,6,14,24,32,44,5,1,5,2,1,1,1,1
254,2019-08-29,8,24,26,37,38,44,18,1,5,1,0,2,2,1
255,2019-08-27,6,18,29,33,43,46,16,3,3,1,1,1,1,2
256,2019-08-24,1,10,21,31,47,49,13,5,1,2,0,1,1,2
257,2019-08-22,1,4,5,6,42,43,8,3,3,4,0,0,0,2
258,2019-08-20,12,15,16,23,32,35,2,3,3,0,3,1,2,0
259,2019-08-17,4,9,20,26,32,44,11,1,5,2,1,1,1,1
260,2019-08-15,2,13,23,35,38,46,17,3,3,1,1,1,2,1
261,2019-08-13,10,14,16,29,30,43,11,2,4,1,2,2,0,1
262,2019-08-10,15,22,42,44,48,49,6,2,4,0,1,1,0,4
263,2019-08-08,8,9,19,25,30,44,37,3,3,2,1,2,0,1
264,2019-08-06,5,6,15,21,22,37,36,4,2,2,1,2,1,0
265,2019-08-03,23,24,27,28,37,43,16,4,2,0,0,4,1,1
266,2019-08-01,13,18,20,21,43,49,30,4,2,0,3,1,0,2
267,2019-07-30,3,16,19,22,41,44,29,3,3,1,2,1,0,2
268,2019-07-27,4,14,19,24,39,45,8,3,3,1,2,1,1,1
269,2019-07-25,7,10,11,16,18,35,43,3,3,2,3,0,1,0
270,2019-07-23,14,19,25,38,39,42,46,3,3,0,2,1,2,1
271,2019-07-20,26,27,30,33,44,47,37,3,3,0,0,3,1,2
272,2019-07-18,2,4,8,11,17,31,19,3,3,3,2,0,1,0
273,2019-07-16,6,16,22,28,37,45,13,2,4,1,1,2,1,1
274,2019-07-13,12,14,32,35,38,46,16,1,5,0,2,0,3,1
275,2019-07-11,3,6,26,27,32,49,29,3,3,2,0,2,1,1
276,2019-07-09,3,5,20,31,39,42,25,4,2,2,1,0,2,1
277,2019-07-06,7,8,10,11,28,42,29,2,4,3,1,1,0,1
278,2019-07-04,1,2,12,15,24,44,14,2,4,2,2,1,0,1
279,2019-07-02,13,14,15,42,45,48,2,3,3,0,3,0,0,3
280,2019-06-29,9,13,22,29,31,46,45,4,2,1,1,2,1,1
281,2019-06-27,12,20,33,42,46,47,27,2,4,0,2,0,1,3
282,2019-06-25,23,25,29,32,40,46,13,3,3,0,0,3,2,1
283,2019-06-22,13,29,30,33,43,47,16,5,1,0,1,2,1,2
284,2019-06-20,9,11,15,21,25,33,46,6,0,1,2,2,1,0
285,2019-06-18,18,23,26,29,35,48,36,3,3,0,1,3,1,1
286,2019-06-15,7,8,17,30,42,44,24,2,4,2,1,1,0,2
287,2019-06-13,3,6,21,31,33,38,45,4,2,2,0,1,3,0
288,2019-06-11,8,19,20,21,25,37,13,4,2,1,2,2,1,0
289,2019-06-09,3,8,24,27,28,49,44,3,3,2,0,3,0,1
290,2019-06-06,6,13,21,24,32,47,38,3,3,1,1,2,1,1
291,2019-06-04,16,21,24,28,37,40,48,2,4,0,1,3,2,0
292,2019-06-01,3,13,19,23,35,43,26,6,0,1,2,1,1,1
293,2019-05-30,12,15,16,31,36,46,3,2,4,0,3,0,2,1
294,2019-05-28,22,29,37,42,45,49,47,4,2,0,0,2,1,3
295,2019-05-25,12,14,23,30,40,48,1,1,5,0,2,2,1,1
296,2019-05-23,11,13,14,17,33,43,27,5,1,0,4,0,1,1
297,2019-05-21,4,7,21,24,35,41,18,4,2,2,0,2,1,1
298,2019-05-19,1,2,9,16,30,41,35,3,3,3,1,1,0,1
299,2019-05-16,1,4,7,23,37,38,34,4,2,3,0,1,2,0
300,2019-05-14,10,12,14,30,37,41,5,2,4,1,2,1,1,1
301,2019-05-09,3,4,5,24,29,32,2,3,3,3,0,2,1,0
302,2019-05-07,6,12,35,39,42,44,22,2,4,1,1,0,2,2
303,2019-05-04,6,13,19,20,24,35,43,3,3,1,3,1,1,0
304,2019-05-02,1,6,19,23,45,47,49,5,1,2,1,1,0,2
305,2019-04-30,1,29,32,43,45,49,5,5,1,1,0,1,1,3
306,2019-04-27,2,8,14,21,32,35,4,2,4,2,1,1,2,0
307,2019-04-25,11,13,18,21,28,34,19,3,3,0,3,2,1,0
308,2019-04-20,28,30,32,37,39,47,23,3,3,0,0,2,3,1
309,2019-04-16,11,20,30,32,33,43,34,3,3,0,2,1,2,1
310,2019-04-13,3,15,22,35,40,49,39,4,2,1,1,1,2,1
311,2019-04-11,6,18,32,38,41,45,33,2,4,1,1,0,2,2
312,2019-04-09,3,14,17,23,32,43,36,4,2,1,2,1,1,1
313,2019-04-06,8,21,34,37,41,45,49,4,2,1,0,1,2,2
314,2019-04-04,29,34,38,42,44,47,36,2,4,0,0,1,2,3
315,2019-04-02,6,10,15,21,24,28,49,2,4,2,1,3,0,0
316,2019-03-30,15,17,18,37,39,49,31,5,1,0,3,0,2,1
317,2019-03-28,3,5,17,23,41,44,40,5,1,2,1,1,0,2
318,2019-03-26,2,3,10,21,31,35,11,4,2,3,0,1,2,0
319,2019-03-23,10,11,15,39,46,49,21,4,2,1,2,0,1,2
320,2019-03-21,7,12,22,32,37,45,47,3,3,1,1,1,2,1
321,2019-03-19,4,18,23,38,40,46,15,1,5,1,1,1,2,1
322,2019-03-16,5,9,12,23,31,43,29,5,1,2,1,1,1,1
323,2019-03-14,4,10,25,28,40,43,39,2,4,2,0,2,1,1
324,2019-03-12,6,21,27,33,38,47,46,4,2,1,0,2,2,1
325,2019-03-09,13,32,34,35,41,46,30,3,3,0,1,0,3,2
326,2019-03-07,8,15,17,23,39,44,40,4,2,1,2,1,1,1
327,2019-03-05,10,16,28,32,34,49,45,1,5,1,1,1,2,1
328,2019-03-03,21,24,26,35,44,47,8,3,3,0,0,3,1,2
329,2019-02-28,22,24,25,30,32,43,11,2,4,0,0,4,1,1
330,2019-02-26,9,12,13,19,21,46,15,4,2,1,3,1,0,1
331,2019-02-23,13,14,15,21,33,49,1,5,1,0,3,1,1,1
332,2019-02-21,16,29,36,39,42,49,34,3,3,0,1,1,2,2
333,2019-02-19,2,5,8,13,16,33,41,3,3,3,2,0,1,0
334,2019-02-16,3,7,8,17,19,23,12,5,1,3,2,1,0,0
335,2019-02-14,5,8,16,20,43,46,11,2,4,2,2,0,0,2
336,2019-02-12,9,17,26,31,32,40,27,3,3,1,1,1,3,0
337,2019-02-09,1,19,29,34,39,49,43,5,1,1,1,1,2,1
338,2019-02-06,2,4,11,15,19,29,1,4,2,2,3,1,0,0
339,2019-02-03,5,6,13,19,34,35,39,4,2,2,2,0,2,0
340,2019-01-31,18,22,26,31,33,41,27,3,3,0,1,2,2,1
341,2019-01-29,3,10,14,24,32,45,29,2,4,2,1,1,1,1
342,2019-01-26,14,27,29,41,45,46,21,4,2,0,1,2,0,3
343,2019-01-24,11,18,33,41,43,46,36,4,2,0,2,0,1,3
344,2019-01-22,3,19,25,30,33,48,44,4,2,1,1,2,1,1
345,2019-01-19,13,24,31,34,44,47,8,3,3,0,1,1,2,2
346,2019-01-17,16,18,28,35,36,41,37,2,4,0,2,1,2,1
347,2019-01-15,10,16,17,33,44,48,7,2,4,1,2,0,1,2
348,2019-01-13,10,18,35,37,48,49,27,3,3,1,1,0,2,2
349,2019-01-10,6,7,28,31,36,43,23,3,3,2,0,1,2,1
350,2019-01-08,4,5,12,23,30,40,10,2,4,2,1,2,1,0
351,2019-01-05,12,13,16,19,23,45,2,4,2,0,4,1,0,1
352,2019-01-03,8,23,25,30,32,45,24,3,3,1,0,3,1,1
353,2018-12-30,6,7,13,33,35,46,43,4,2,2,1,0,2,1
354,2018-12-27,1,4,17,22,23,35,37,4,2,2,1,2,1,0
355,2018-12-25,2,14,16,32,41,47,23,2,4,1,2,0,1,2
356,2018-12-22,7,20,33,46,48,49,4,3,3,1,1,0,1,3
357,2018-12-20,4,7,8,12,13,26,42,2,4,3,2,1,0,0
358,2018-12-18,1,10,11,13,30,33,45,4,2,2,2,1,1,0
359,2018-12-15,5,10,30,33,36,37,22,3,3,2,0,1,3,0
360,2018-12-13,1,15,21,23,24,33,39,5,1,1,1,3,1,0
361,2018-12-11,7,8,10,20,33,42,22,2,4,3,1,0,1,1
362,2018-12-08,20,27,29,40,45,48,43,3,3,0,1,2,1,2
363,2018-12-06,8,20,32,40,44,46,34,0,6,1,1,0,2,2
364,2018-12-04,8,11,14,20,22,31,19,2,4,1,3,1,1,0
365,2018-12-01,2,20,29,32,38,39,47,2,4,1,1,1,3,0
366,2018-11-29,14,25,31,34,36,43,35,3,3,0,1,1,3,1
367,2018-11-27,7,8,15,27,29,38,39,4,2,2,1,2,1,0
368,2018-11-24,3,8,13,25,30,34,32,3,3,2,1,2,1,0
369,2018-11-22,15,16,18,22,26,48,34,1,5,0,3,2,0,1
370,2018-11-20,4,12,14,17,29,35,38,3,3,1,3,1,1,0
371,2018-11-17,5,9,12,14,42,43,45,3,3,2,2,0,0,2
372,2018-11-15,2,10,29,32,40,41,44,2,4,2,0,1,2,1
373,2018-11-13,8,22,30,34,35,37,29,2,4,1,0,2,3,0
374,2018-11-11,6,24,26,36,44,49,8,1,5,1,0,2,1,2
375,2018-11-08,9,16,22,24,40,47,17,2,4,1,1,2,1,1
376,2018-11-06,1,8,22,23,46,47,12,3,3,2,0,2,0,2
377,2018-11-03,4,19,24,38,39,44,46,2,4,1,1,1,2,1
378,2018-11-01,9,13,15,16,20,32,12,3,3,1,4,0,1,0
379,2018-10-30,4,7,10,22,34,42,38,1,5,3,0,1,1,1
380,2018-10-27,1,5,15,39,45,47,43,6,0,2,1,0,1,2
381,2018-10-25,6,13,20,25,27,29,21,4,2,1,2,3,0,0
382,2018-10-23,6,17,20,34,36,44,15,1,5,1,2,0,2,1
383,2018-10-20,10,13,22,25,40,42,5,2,4,1,1,2,1,1
384,2018-10-16,7,11,19,32,45,46,37,4,2,1,2,0,1,2
385,2018-10-14,8,14,21,24,34,43,1,2,4,1,1,2,1,1
386,2018-10-11,7,9,19,29,39,42,41,5,1,2,1,1,1,1
387,2018-10-09,7,9,18,27,44,45,15,4,2,2,1,1,0,2
388,2018-10-06,2,10,35,39,44,49,8,3,3,2,0,0,2,2
389,2018-10-04,13,19,34,35,45,46,27,4,2,0,2,0,2,2
390,2018-10-02,13,18,23,28,33,49,19,4,2,0,2,2,1,1
391,2018-09-29,9,31,34,35,37,38,16,4,2,1,0,0,5,0
392,2018-09-27,14,17,30,46,48,49,36,2,4,0,2,1,0,3
393,2018-09-25,5,14,20,22,24,48,4,1,5,1,2,2,0,1
394,2018-09-23,2,13,21,23,32,40,30,3,3,1,1,2,2,0
395,2018-09-20,5,6,17,26,40,41,46,3,3,2,1,1,1,1
396,2018-09-18,9,11,18,23,32,48,26,3,3,1,2,1,1,1
397,2018-09-15,4,6,11,33,37,48,41,3,3,2,1,0,2,1
398,2018-09-13,14,20,22,39,41,48,35,2,4,0,2,1,1,2
399,2018-09-11,31,36,38,45,47,49,37,4,2,0,0,0,3,3
400,2018-09-08,7,9,12,18,41,46,33,3,3,2,2,0,0,2
401,2018-09-06,17,26,30,33,38,49,47,3,3,0,1,2,2,1
402,2018-09-04,4,5,33,36,44,47,13,3,3,2,0,0,2,2
403,2018-09-01,10,13,20,26,35,45,37,3,3,1,2,1,1,1
404,2018-08-30,4,15,21,23,44,46,13,3,3,1,1,2,0,2
405,2018-08-28,9,18,26,30,36,46,2,1,5,1,1,2,1,1
406,2018-08-25,3,4,19,28,31,48,27,3,3,2,1,1,1,1
407,2018-08-23,12,14,22,30,38,44,34,0,6,0,2,2,1,1
408,2018-08-21,3,10,18,28,40,47,4,2,4,2,1,1,1,1
409,2018-08-18,2,14,24,37,42,47,20,2,4,1,1,1,1,2
410,2018-08-16,9,13,16,27,29,41,37,5,1,1,2,2,0,1
411,2018-08-14,32,37,38,42,43,49,24,3,3,0,0,0,3,3
412,2018-08-11,1,11,25,38,47,49,37,5,1,1,1,1,1,2
413,2018-08-09,8,10,11,20,21,34,13,2,4,2,2,1,1,0
414,2018-08-07,4,21,25,39,46,47,12,4,2,1,0,2,1,2
415,2018-08-04,4,15,23,34,37,48,30,3,3,1,1,1,2,1
416,2018-08-02,3,5,11,34,35,45,28,5,1,2,1,0,2,1
417,2018-07-31,24,27,36,43,44,46,30,2,4,0,0,2,1,3
418,2018-07-28,5,7,11,26,30,43,17,4,2,2,1,2,0,1
419,2018-07-26,22,32,37,44,46,49,38,2,4,0,0,1,2,3
420,2018-07-24,2,16,17,27,32,37,12,3,3,1,2,1,2,0
421,2018-07-21,13,14,15,37,38,44,40,3,3,0,3,0,2,1
422,2018-07-19,12,16,23,25,40,42,20,2,4,0,2,2,1,1
423,2018-07-17,6,10,32,36,41,48,47,1,5,2,0,0,2,2
424,2018-07-14,7,13,22,27,33,36,45,4,2,1,1,2,2,0
425,2018-07-12,1,5,7,8,30,33,22,4,2,4,0,1,1,0
426,2018-07-10,6,8,29,38,41,49,2,3,3,2,0,1,1,2
427,2018-07-07,8,17,20,26,40,46,19,1,5,1,2,1,1,1
428,2018-07-05,1,13,20,34,38,40,29,2,4,1,2,0,3,0
429,2018-07-03,3,21,22,41,45,49,10,5,1,1,0,2,0,3
430,2018-06-30,5,6,16,18,30,32,27,1,5,2,2,1,1,0
431,2018-06-28,6,13,23,29,38,45,41,4,2,1,1,2,1,1
432,2018-06-26,7,8,12,17,33,42,26,3,3,2,2,0,1,1
433,2018-06-23,2,9,16,18,24,46,47,1,5,2,2,1,0,1
434,2018-06-21,16,23,24,31,33,34,18,3,3,0,1,2,3,0
435,2018-06-19,2,7,21,31,33,42,24,4,2,2,0,1,2,1
436,2018-06-17,1,7,20,21,35,48,22,4,2,2,1,1,1,1
437,2018-06-14,2,10,24,28,35,39,27,2,4,2,0,2,2,0
438,2018-06-12,30,31,34,40,41,42,33,2,4,0,0,1,3,2
439,2018-06-09,11,23,35,41,46,49,47,5,1,0,1,1,1,3
440,2018-06-07,5,32,34,36,38,43,25,2,4,1,0,0,4,1
441,2018-06-05,6,10,24,34,40,45,9,1,5,2,0,1,2,1
442,2018-06-02,4,15,30,33,38,41,16,3,3,1,1,1,2,1
443,2018-05-31,3,5,28,33,40,49,32,4,2,2,0,1,2,1
444,2018-05-29,3,6,11,22,45,46,1,3,3,2,1,1,0,2
445,2018-05-26,1,12,22,40,42,44,28,1,5,1,1,1,1,2
446,2018-05-24,4,5,7,11,12,13,18,4,2,3,3,0,0,0
447,2018-05-22,7,12,14,22,31,33,38,3,3,1,2,1,2,0
448,2018-05-19,14,23,29,36,37,47,25,4,2,0,1,2,2,1
449,2018-05-17,3,16,23,30,43,46,26,3,3,1,1,2,0,2
450,2018-05-15,5,8,9,19,32,44,39,3,3,3,1,0,1,1
451,2018-05-13,1,6,9,19,21,23,43,5,1,3,1,2,0,0
452,2018-05-10,12,19,25,31,36,49,11,4,2,0,2,1,2,1
453,2018-05-08,3,14,18,28,31,40,38,2,4,1,2,1,2,0
454,2018-05-05,3,24,40,44,45,49,8,3,3,1,0,1,1,3
455,2018-05-03,12,24,30,31,32,34,41,1,5,0,1,2,3,0
456,2018-05-01,1,5,10,20,21,25,43,4,2,3,1,2,0,0
457,2018-04-28,2,15,17,18,21,44,14,3,3,1,3,1,0,1
458,2018-04-26,8,12,20,33,35,45,42,3,3,1,2,0,2,1
459,2018-04-24,12,20,21,28,33,41,9,3,3,0,2,2,1,1
460,2018-04-22,10,14,28,30,42,44,35,0,6,1,1,2,0,2
461,2018-04-19,20,21,33,40,45,49,43,4,2,0,1,1,2,2
462,2018-04-17,3,8,16,22,28,32,24,1,5,2,1,2,1,0
463,2018-04-14,12,14,15,36,38,40,42,1,5,0,3,0,3,0
464,2018-04-12,1,2,9,11,37,41,18,5,1,3,1,0,1,1
465,2018-04-10,1,15,23,34,43,48,25,4,2,1,1,1,1,2
466,2018-04-07,4,20,23,27,31,43,3,4,2,1,1,2,1,1
467,2018-04-05,19,24,29,39,40,42,30,3,3,0,1,2,2,1
468,2018-04-03,21,29,31,41,46,49,36,5,1,0,0,2,1,3
469,2018-03-31,9,13,16,18,19,34,21,3,3,1,4,0,1,0
470,2018-03-29,5,12,24,27,30,47,43,3,3,1,1,3,0,1
471,2018-03-24,12,19,23,28,35,45,6,4,2,0,2,2,1,1
472,2018-03-22,10,18,21,29,33,46,36,3,3,1,1,2,1,1
473,2018-03-20,3,22,27,29,42,45,10,4,2,1,0,3,0,2
474,2018-03-17,4,6,23,33,40,47,30,3,3,2,0,1,2,1
475,2018-03-15,13,16,25,35,38,49,33,4,2,0,2,1,2,1
476,2018-03-13,5,16,20,25,34,42,2,2,4,1,2,1,1,1
477,2018-03-10,7,18,19,26,27,39,2,4,2,1,2,2,1,0
478,2018-03-08,1,6,30,43,44,48,7,2,4,2,0,1,0,3
479,2018-03-06,2,11,17,19,35,37,20,5,1,1,3,0,2,0
480,2018-03-04,6,10,11,23,28,43,21,3,3,2,1,2,0,1
481,2018-03-01,2,14,15,17,18,29,1,3,3,1,4,1,0,0
482,2018-02-27,13,24,28,31,41,43,16,4,2,0,1,2,1,2
483,2018-02-24,17,20,34,38,42,45,5,2,4,0,2,0,2,2
484,2018-02-22,4,12,19,20,30,39,5,2,4,1,3,1,1,0
485,2018-02-20,3,5,25,42,43,44,2,4,2,2,0,1,0,3
486,2018-02-15,1,19,21,32,43,45,34,5,1,1,1,1,1,2
487,2018-02-13,2,9,18,27,32,42,12,2,4,2,1,1,1,1
488,2018-02-11,1,2,9,27,33,45,38,5,1,3,0,1,1,1
489,2018-02-08,13,16,22,28,37,41,34,3,3,0,2,2,1,1
490,2018-02-06,3,19,26,28,35,48,32,3,3,1,1,2,1,1
491,2018-02-03,2,4,12,25,40,49,8,2,4,2,1,1,1,1
492,2018-02-01,20,23,26,29,47,49,39,4,2,0,1,3,0,2
493,2018-01-30,4,7,11,12,40,49,25,3,3,2,2,0,1,1
494,2018-01-27,8,17,26,33,43,45,40,4,2,1,1,1,1,2
495,2018-01-25,3,14,23,36,40,47,20,3,3,1,1,1,2,1
496,2018-01-23,3,20,27,32,37,41,44,4,2,1,1,1,2,1
497,2018-01-20,2,5,23,24,27,34,8,3,3,2,0,3,1,0
498,2018-01-16,2,21,27,30,36,37,4,3,3,1,0,3,2,0
499,2018-01-11,3,29,31,43,47,49,19,6,0,1,0,1,1,3
500,2018-01-06,1,12,21,31,36,49,23,4,2,1,1,1,2,1
501,2018-01-02,12,18,28,35,39,42,36,2,4,0,2,1,2,1
502,2017-12-30,1,13,22,25,36,38,37,3,3,1,1,2,2,0
503,2017-12-28,15,17,23,40,44,46,11,3,3,0,2,1,1,2
504,2017-12-26,2,7,16,28,30,37,12,2,4,2,1,2,1,0
505,2017-12-24,1,16,26,34,39,47,11,3,3,1,1,1,2,1
506,2017-12-21,14,21,22,28,30,47,3,2,4,0,1,4,0,1
507,2017-12-19,3,9,33,38,44,49,24,4,2,2,0,0,2,2
508,2017-12-16,1,3,6,9,24,28,36,3,3,4,0,2,0,0
509,2017-12-14,7,10,20,25,34,35,8,3,3,2,1,1,2,0
510,2017-12-12,4,15,29,34,38,48,30,2,4,1,1,1,2,1
511,2017-12-09,22,24,29,35,38,48,30,2,4,0,0,3,2,1
512,2017-12-07,1,25,34,37,39,47,18,5,1,1,0,1,3,1
513,2017-12-05,7,9,14,18,20,44,29,2,4,2,3,0,0,1
514,2017-12-02,7,14,19,27,28,38,46,3,3,1,2,2,1,0
515,2017-11-30,4,10,32,35,38,47,49,2,4,2,0,0,3,1
516,2017-11-28,6,8,9,23,36,40,19,2,4,3,0,1,2,0
517,2017-11-25,5,13,16,28,40,41,2,3,3,1,2,1,1,1
518,2017-11-23,3,4,30,37,39,42,32,3,3,2,0,1,2,1
519,2017-11-21,8,27,30,35,36,43,31,3,3,1,0,2,2,1
520,2017-11-18,19,24,26,30,36,41,43,2,4,0,1,3,1,1
521,2017-11-16,3,8,20,34,40,46,24,1,5,2,1,0,2,1
522,2017-11-14,1,15,20,28,33,43,18,4,2,1,2,1,1,1
523,2017-11-12,12,16,22,28,36,37,45,1,5,0,2,2,2,0
524,2017-11-09,3,32,36,46,48,49,29,2,4,1,0,0,2,3
525,2017-11-07,3,18,19,35,38,40,48,3,3,1,2,0,3,0
526,2017-11-04,23,30,32,33,43,44,28,3,3,0,0,2,2,2
527,2017-11-02,5,18,20,32,36,40,7,1,5,1,2,0,3,0
528,2017-10-31,21,26,29,35,45,49,41,5,1,0,0,3,1,2
529,2017-10-28,7,16,18,22,26,44,9,1,5,1,2,2,0,1
530,2017-10-26,4,5,20,29,35,38,36,3,3,2,1,1,2,0
531,2017-10-24,1,8,9,16,29,42,49,3,3,3,1,1,0,1
532,2017-10-21,8,16,18,30,43,45,27,2,4,1,2,1,0,2
533,2017-10-19,8,12,19,24,28,49,37,2,4,1,2,2,0,1
534,2017-10-17,2,4,19,30,35,47,25,3,3,2,1,1,1,1
535,2017-10-12,1,6,8,11,12,16,41,2,4,3,3,0,0,0
536,2017-10-10,6,17,22,26,32,45,24,2,4,1,1,2,1,1
537,2017-10-07,3,6,24,38,45,48,5,2,4,2,0,1,1,2
538,2017-10-04,10,16,22,23,26,46,25,1,5,1,1,3,0,1
539,2017-10-02,1,8,19,22,35,46,30,3,3,2,1,1,1,1
540,2017-09-30,2,11,19,20,33,49,6,4,2,1,3,0,1,1
541,2017-09-28,7,18,24,26,39,45,44,3,3,1,1,2,1,1
542,2017-09-26,2,10,19,27,31,33,16,4,2,2,1,1,2,0
543,2017-09-23,1,13,22,25,30,36,4,3,3,1,1,3,1,0
544,2017-09-21,1,3,4,5,32,39,10,4,2,4,0,0,2,0
545,2017-09-19,7,11,12,30,34,36,17,2,4,1,2,1,2,0
546,2017-09-17,3,12,16,23,36,47,33,3,3,1,2,1,1,1
547,2017-09-14,25,26,34,41,42,49,1,3,3,0,0,2,1,3
548,2017-09-12,21,23,30,38,44,49,37,3,3,0,0,3,1,2
549,2017-09-09,4,7,18,23,29,39,49,4,2,2,1,2,1,0
550,2017-09-07,10,19,27,29,41,46,17,4,2,1,1,2,0,2
551,2017-09-05,1,2,8,30,39,43,19,3,3,3,0,1,1,1
552,2017-09-02,1,5,11,23,24,27,15,5,1,2,1,3,0,0
553,2017-08-31,12,17,18,25,33,37,29,4,2,0,3,1,2,0
554,2017-08-29,12,24,26,34,44,48,4,0,6,0,1,2,1,2
555,2017-08-26,16,34,35,36,40,46,31,1,5,0,1,0,4,1
556,2017-08-24,4,7,10,21,28,47,17,3,3,3,0,2,0,1
557,2017-08-22,4,23,24,33,40,43,15,3,3,1,0,2,2,1
558,2017-08-19,2,23,32,34,43,45,22,3,3,1,0,1,2,2
559,2017-08-17,5,21,24,29,43,44,42,4,2,1,0,3,0,2
560,2017-08-15,3,4,7,19,20,23,27,4,2,3,2,1,0,0
561,2017-08-12,3,4,15,25,38,45,28,4,2,2,1,1,1,1
562,2017-08-10,18,22,25,32,33,42,29,2,4,0,1,2,2,1
563,2017-08-08,8,10,25,28,33,37,7,3,3,2,0,2,2,0
564,2017-08-05,14,25,32,35,39,48,31,3,3,0,1,1,3,1
565,2017-08-03,6,18,22,24,35,40,36,1,5,1,1,2,2,0
566,2017-08-01,10,25,26,32,36,37,46,2,4,1,0,2,3,0
567,2017-07-30,11,15,25,30,37,43,17,5,1,0,2,2,1,1
568,2017-07-27,3,4,31,37,42,44,40,3,3,2,0,0,2,2
569,2017-07-25,8,9,15,33,37,47,1,5,1,2,1,0,2,1
570,2017-07-22,4,6,27,36,47,49,3,3,3,2,0,1,1,2
571,2017-07-20,5,9,12,25,26,34,21,3,3,2,1,2,1,0
572,2017-07-18,6,14,32,33,40,46,10,1,5,1,1,0,3,1
573,2017-07-15,29,34,35,42,43,48,26,3,3,0,0,1,2,3
574,2017-07-13,4,5,25,27,29,41,18,5,1,2,0,3,0,1
575,2017-07-11,1,11,20,22,43,45,35,4,2,1,2,1,0,2
576,2017-07-08,3,8,11,21,36,48,37,3,3,2,1,1,1,1
577,2017-07-06,2,6,7,8,10,30,28,1,5,5,0,1,0,0
578,2017-07-04,2,5,15,26,27,38,18,3,3,2,1,2,1,0
579,2017-07-02,4,9,27,33,39,42,35,4,2,2,0,1,2,1
580,2017-06-29,11,16,26,27,29,37,19,4,2,0,2,3,1,0
581,2017-06-27,12,24,30,40,44,48,8,0,6,0,1,2,1,2
582,2017-06-24,3,28,30,32,37,42,11,2,4,1,0,2,2,1
583,2017-06-22,18,20,21,27,31,49,45,4,2,0,2,2,1,1
584,2017-06-20,15,18,20,25,35,45,34,4,2,0,3,1,1,1
585,2017-06-17,9,34,39,42,46,49,32,3,3,1,0,0,2,3
586,2017-06-15,1,2,5,12,18,19,44,3,3,3,3,0,0,0
587,2017-06-13,21,23,27,34,46,49,44,4,2,0,0,3,1,2
588,2017-06-10,1,13,18,23,30,44,42,3,3,1,2,2,0,1
589,2017-06-08,8,11,15,23,24,29,6,4,2,1,2,3,0,0
590,2017-06-06,8,24,26,30,47,49,35,2,4,1,0,3,0,2
591,2017-06-03,11,15,24,25,33,40,42,4,2,0,2,2,2,0
592,2017-06-01,4,18,23,28,36,45,33,2,4,1,1,2,1,1
593,2017-05-30,14,18,27,32,37,38,1,2,4,0,2,1,3,0
594,2017-05-27,5,7,18,22,33,43,27,4,2,2,1,1,1,1
595,2017-05-25,23,26,27,39,40,48,7,3,3,0,0,3,2,1
596,2017-05-23,7,13,17,23,29,46,49,5,1,1,2,2,0,1
597,2017-05-20,2,3,17,34,38,48,14,2,4,2,1,0,2,1
598,2017-05-18,7,11,20,28,41,49,32,4,2,1,2,1,0,2
599,2017-05-16,1,5,7,9,10,15,3,5,1,5,1,0,0,0
600,2017-05-14,1,7,12,18,27,33,20,4,2,2,2,1,1,0
601,2017-05-11,9,16,22,38,40,46,11,1,5,1,1,1,2,1
602,2017-05-09,6,22,23,31,36,45,12,3,3,1,0,2,2,1
603,2017-05-06,1,3,9,13,34,35,27,5,1,3,1,0,2,0
604,2017-05-04,4,17,21,32,36,46,27,2,4,1,1,1,2,1
605,2017-05-02,1,20,22,27,31,41,2,4,2,1,1,2,1,1
606,2017-04-29,5,8,14,22,31,48,33,2,4,2,1,1,1,1
607,2017-04-27,16,17,21,42,48,49,37,3,3,0,2,1,0,3
608,2017-04-25,1,21,22,45,46,49,14,4,2,1,0,2,0,3
609,2017-04-22,1,9,11,23,29,34,6,5,1,2,1,2,1,0
610,2017-04-18,4,10,11,18,29,38,28,2,4,2,2,1,1,0
611,2017-04-15,1,4,5,29,33,44,39,4,2,3,0,1,1,1
612,2017-04-13,4,10,25,26,38,49,34,2,4,2,0,2,1,1
613,2017-04-11,14,17,22,29,30,31,38,3,3,0,2,3,1,0
614,2017-04-08,2,11,14,20,27,30,19,2,4,1,3,2,0,0
615,2017-04-06,4,21,24,39,45,46,40,3,3,1,0,2,1,2
616,2017-04-04,3,9,19,33,40,41,26,5,1,2,1,0,2,1
617,2017-04-01,7,17,20,34,36,44,23,2,4,1,2,0,2,1
618,2017-03-30,18,19,21,30,38,48,7,2,4,0,2,2,1,1
619,2017-03-28,2,9,21,35,36,40,44,3,3,2,0,1,3,0
620,2017-03-25,9,10,23,30,38,48,16,2,4,2,0,2,1,1
621,2017-03-23,5,14,17,33,41,47,16,5,1,1,2,0,1,2
622,2017-03-21,8,12,20,25,37,46,2,2,4,1,2,1,1,1
623,2017-03-18,2,13,17,23,30,46,8,3,3,1,2,2,0,1
624,2017-03-16,1,2,11,19,40,48,4,3,3,2,2,0,1,1
625,2017-03-14,2,32,33,35,36,44,48,2,4,1,0,0,4,1
626,2017-03-11,1,4,20,27,32,39,15,3,3,2,1,1,2,0
627,2017-03-09,17,19,25,35,41,44,26,5,1,0,2,1,1,2
628,2017-03-07,2,14,18,19,40,43,42,2,4,1,3,0,1,1
629,2017-03-04,10,18,22,23,29,32,45,2,4,1,1,3,1,0
630,2017-03-02,6,13,31,42,43,45,34,4,2,1,1,0,1,3
631,2017-02-28,15,20,24,34,42,44,7,1,5,0,2,1,1,2
632,2017-02-25,4,12,19,20,25,26,8,2,4,1,3,2,0,0
633,2017-02-23,13,15,16,32,34,46,10,2,4,0,3,0,2,1
634,2017-02-21,1,7,13,29,32,44,20,4,2,2,1,1,1,1
635,2017-02-18,5,8,12,17,20,37,45,3,3,2,3,0,1,0
636,2017-02-16,5,8,23,34,41,44,7,3,3,2,0,1,1,2
637,2017-02-14,14,16,21,28,43,46,26,2,4,0,2,2,0,2
638,2017-02-12,7,21,26,30,38,47,15,3,3,1,0,3,1,1
639,2017-02-09,3,12,13,19,24,45,40,4,2,1,3,1,0,1
640,2017-02-07,6,11,22,25,32,33,24,3,3,1,1,2,2,0
641,2017-02-04,7,14,25,28,33,40,26,3,3,1,1,2,2,0
642,2017-02-01,13,14,18,23,29,35,45,4,2,0,3,2,1,0
643,2017-01-28,8,15,25,30,34,40,42,2,4,1,1,2,2,0
644,2017-01-26,13,24,28,29,31,44,10,3,3,0,1,3,1,1
645,2017-01-24,2,5,23,27,36,43,20,4,2,2,0,2,1,1
646,2017-01-21,8,27,28,37,38,49,33,3,3,1,0,2,2,1
647,2017-01-19,1,2,13,23,35,43,18,5,1,2,1,1,1,1
648,2017-01-17,26,27,28,36,42,47,33,2,4,0,0,3,1,2
649,2017-01-15,1,6,22,37,44,48,35,2,4,2,0,1,1,2
650,2017-01-12,18,25,27,30,40,43,6,3,3,0,1,3,1,1
651,2017-01-10,2,7,14,26,38,39,12,2,4,2,1,1,2,0
652,2017-01-07,7,10,14,29,45,46,19,3,3,2,1,1,0,2
653,2017-01-05,5,14,20,21,36,49,39,3,3,1,2,1,1,1
654,2017-01-03,4,11,22,29,37,46,18,3,3,1,1,2,1,1
655,2016-12-31,8,9,12,15,17,28,33,3,3,2,3,1,0,0
656,2016-12-29,2,11,13,15,17,21,26,5,1,1,4,1,0,0
657,2016-12-25,3,4,10,26,37,43,41,3,3,3,0,1,1,1
658,2016-12-23,4,14,16,25,32,35,47,2,4,1,2,1,2,0
659,2016-12-20,5,28,32,34,37,48,39,2,4,1,0,1,3,1
660,2016-12-18,3,10,21,26,28,38,29,2,4,2,0,3,1,0
661,2016-12-15,15,19,20,32,33,34,23,3,3,0,3,0,3,0
662,2016-12-13,7,14,26,31,38,44,37,2,4,1,1,1,2,1
663,2016-12-10,7,22,32,33,34,39,45,3,3,1,0,1,4,0
664,2016-12-08,9,24,26,28,37,39,29,3,3,1,0,3,2,0
665,2016-12-06,3,7,17,29,32,49,11,5,1,2,1,1,1,1
666,2016-12-03,8,13,23,30,47,48,7,3,3,1,1,2,0,2
667,2016-12-01,9,15,18,21,24,37,16,4,2,1,2,2,1,0
668,2016-11-29,4,11,18,22,24,49,25,2,4,1,2,2,0,1
669,2016-11-26,1,2,3,4,7,10,33,3,3,6,0,0,0,0
670,2016-11-24,3,9,24,31,38,49,41,4,2,2,0,1,2,1
671,2016-11-22,12,13,16,18,38,40,5,1,5,0,4,0,2,0
672,2016-11-19,2,6,23,24,37,42,32,2,4,2,0,2,1,1
673,2016-11-17,5,18,26,28,30,45,33,2,4,1,1,3,0,1
674,2016-11-15,10,15,17,18,27,40,26,3,3,1,3,1,1,0
675,2016-11-13,2,16,27,29,34,41,42,3,3,1,1,2,1,1
676,2016-11-10,3,17,38,39,46,49,37,4,2,1,1,0,2,2
677,2016-11-08,3,5,6,11,34,42,28,3,3,3,1,0,1,1
678,2016-11-05,9,12,31,39,42,46,48,3,3,1,1,0,2,2
679,2016-11-03,6,14,18,22,30,38,47,0,6,1,2,2,1,0
680,2016-11-01,1,2,21,31,33,36,8,4,2,2,0,1,3,0
681,2016-10-29,22,26,32,38,43,47,42,2,4,0,0,2,2,2
682,2016-10-27,8,16,17,34,35,44,41,2,4,1,2,0,2,1
683,2016-10-25,7,8,12,17,22,29,14,3,3,2,2,2,0,0
684,2016-10-22,3,12,13,20,33,43,35,4,2,1,3,0,1,1
685,2016-10-20,2,4,7,15,28,45,19,3,3,3,1,1,0,1
686,2016-10-18,8,27,28,30,38,41,12,2,4,1,0,3,1,1
687,2016-10-15,7,12,18,27,28,40,10,2,4,1,2,2,1,0
688,2016-10-13,2,9,16,27,32,40,46,2,4,2,1,1,2,0
689,2016-10-11,16,19,24,28,36,42,13,1,5,0,2,2,1,1
690,2016-10-09,12,26,28,36,45,49,9,2,4,0,1,2,1,2
691,2016-10-06,5,11,13,19,33,48,34,5,1,1,3,0,1,1
692,2016-10-04,2,6,10,28,38,40,30,0,6,3,0,1,2,0
693,2016-10-02,7,8,21,22,34,46,6,2,4,2,0,2,1,1
694,2016-09-29,14,20,28,33,41,48,40,2,4,0,2,1,1,2
695,2016-09-27,12,16,19,23,28,32,27,2,4,0,3,2,1,0
696,2016-09-24,1,17,20,34,43,44,42,3,3,1,2,0,1,2
697,2016-09-22,5,30,38,43,44,47,14,3,3,1,0,1,1,3
698,2016-09-20,4,16,19,27,41,44,25,3,3,1,2,1,0,2
699,2016-09-17,3,18,21,25,31,42,26,4,2,1,1,2,1,1
700,2016-09-15,24,25,34,35,44,49,30,3,3,0,0,2,2,2
701,2016-09-13,1,13,19,21,38,49,23,5,1,1,2,1,1,1
702,2016-09-10,7,16,32,37,38,46,22,2,4,1,1,0,3,1
703,2016-09-08,3,4,5,26,45,48,14,3,3,3,0,1,0,2
704,2016-09-06,11,15,33,41,43,48,27,5,1,0,2,0,1,3
705,2016-09-04,8,25,26,28,38,43,22,2,4,1,0,3,1,1
706,2016-09-01,8,11,13,30,34,49,2,3,3,1,2,1,1,1
707,2016-08-30,14,20,21,31,34,42,25,2,4,0,2,1,2,1
708,2016-08-27,3,6,13,24,37,43,30,4,2,2,1,1,1,1
709,2016-08-25,4,20,34,35,40,47,3,2,4,1,1,0,3,1
710,2016-08-23,14,16,24,25,43,44,3,2,4,0,2,2,0,2
711,2016-08-20,2,3,15,28,46,48,33,2,4,2,1,1,0,2
712,2016-08-18,3,17,20,22,45,46,30,3,3,1,2,1,0,2
713,2016-08-16,5,12,14,20,27,46,26,2,4,1,3,1,0,1
714,2016-08-13,3,4,11,23,44,47,24,4,2,2,1,1,0,2
715,2016-08-11,10,11,19,23,30,38,13,3,3,1,2,2,1,0
716,2016-08-09,5,9,13,22,34,39,40,4,2,2,1,1,2,0
717,2016-08-06,2,17,23,32,36,40,3,2,4,1,1,1,3,0
718,2016-08-04,10,16,34,41,45,47,7,3,3,1,1,0,1,3
719,2016-08-02,7,11,12,19,21,39,49,5,1,1,3,1,1,0
720,2016-07-30,9,21,29,33,35,48,28,5,1,1,0,2,2,1
721,2016-07-28,12,20,24,35,39,47,15,3,3,0,2,1,2,1
722,2016-07-26,3,14,17,21,28,49,12,4,2,1,2,2,0,1
723,2016-07-24,11,18,26,31,39,44,24,3,3,0,2,1,2,1
724,2016-07-22,10,11,22,41,44,46,35,2,4,1,1,1,0,3
725,2016-07-19,7,21,27,33,46,47,4,5,1,1,0,2,1,2
726,2016-07-16,1,2,7,16,24,34,36,2,4,3,1,1,1,0
727,2016-07-14,16,21,30,36,38,47,48,2,4,0,1,2,2,1
728,2016-07-12,12,20,31,32,35,45,18,3,3,0,2,0,3,1
729,2016-07-09,7,19,20,28,30,31,29,3,3,1,2,2,1,0
730,2016-07-07,13,14,21,31,38,44,22,3,3,0,2,1,2,1
731,2016-07-05,1,6,13,17,34,44,38,3,3,2,2,0,1,1
732,2016-07-02,2,8,16,32,33,37,5,2,4,2,1,0,3,0
733,2016-06-30,2,5,6,7,16,29,35,3,3,4,1,1,0,0
734,2016-06-28,7,13,23,30,32,48,36,3,3,1,1,2,1,1
735,2016-06-25,10,15,22,38,42,43,18,2,4,1,1,1,1,2
736,2016-06-23,6,9,21,35,48,49,29,4,2,2,0,1,1,2
737,2016-06-21,9,10,20,21,38,39,49,3,3,2,1,1,2,0
738,2016-06-18,4,5,8,12,34,37,24,2,4,3,1,0,2,0
739,2016-06-16,19,22,27,29,45,48,4,4,2,0,1,3,0,2
740,2016-06-14,13,15,30,36,44,49,37,3,3,0,2,1,1,2
741,2016-06-11,10,14,23,29,40,42,11,2,4,1,1,2,1,1
742,2016-06-08,4,13,34,36,42,48,19,1,5,1,1,0,2,2
743,2016-06-06,2,5,8,12,20,49,47,2,4,3,2,0,0,1
744,2016-06-04,8,16,21,32,38,48,11,1,5,1,1,1,2,1
745,2016-06-02,3,4,19,24,26,34,38,2,4,2,1,2,1,0
746,2016-05-31,21,24,36,38,39,44,49,2,4,0,0,2,3,1
747,2016-05-28,21,23,32,33,36,42,20,3,3,0,0,2,3,1
748,2016-05-26,9,15,36,38,46,48,22,2,4,1,1,0,2,2
749,2016-05-24,14,18,33,34,35,46,42,2,4,0,2,0,3,1
750,2016-05-21,6,13,23,25,44,48,11,3,3,1,1,2,0,2
751,2016-05-19,2,8,20,24,37,39,18,2,4,2,1,1,2,0
752,2016-05-17,1,19,23,24,32,40,35,3,3,1,1,2,2,0
753,2016-05-15,2,11,25,28,36,46,42,2,4,1,1,2,1,1
754,2016-05-12,4,12,19,20,27,49,21,3,3,1,3,1,0,1
755,2016-05-10,20,26,28,32,40,45,43,1,5,0,1,2,2,1
756,2016-05-05,6,7,12,15,27,36,29,3,3,2,2,1,1,0
757,2016-04-30,11,20,28,29,44,49,40,3,3,0,2,2,0,2
758,2016-04-26,1,3,25,27,28,45,12,5,1,2,0,3,0,1
759,2016-04-23,2,10,16,35,46,47,49,2,4,2,1,0,1,2
760,2016-04-21,3,5,14,15,39,41,21,5,1,2,2,0,1,1
761,2016-04-19,5,8,30,34,45,48,3,2,4,2,0,1,1,2
762,2016-04-17,16,24,28,35,45,46,38,2,4,0,1,2,1,2
763,2016-04-14,14,21,25,27,44,46,3,3,3,0,1,3,0,2
764,2016-04-12,21,25,28,33,46,48,10,3,3,0,0,3,1,2
765,2016-04-09,3,6,13,38,43,44,31,3,3,2,1,0,1,2
766,2016-04-07,8,21,25,32,34,45,31,3,3,1,0,2,2,1
767,2016-04-05,4,10,21,30,35,43,7,3,3,2,0,2,1,1
768,2016-04-02,4,6,29,34,36,45,47,2,4,2,0,1,2,1
769,2016-03-29,9,12,13,22,30,31,28,3,3,1,2,2,1,0
770,2016-03-26,17,24,38,44,46,47,27,2,4,0,1,1,1,3
771,2016-03-24,16,18,21,25,35,46,13,3,3,0,2,2,1,1
772,2016-03-22,5,10,18,24,27,49,39,3,3,2,1,2,0,1
773,2016-03-19,23,25,35,39,42,43,14,5,1,0,0,2,2,2
774,2016-03-17,3,8,15,16,17,38,35,3,3,2,3,0,1,0
775,2016-03-15,1,6,19,26,28,41,39,3,3,2,1,2,0,1
776,2016-03-12,3,23,33,36,41,49,2,5,1,1,0,1,2,2
777,2016-03-10,9,14,24,30,33,48,43,2,4,1,1,2,1,1
778,2016-03-08,3,4,16,30,34,39,14,2,4,2,1,1,2,0
779,2016-03-05,17,26,29,32,48,49,40,3,3,0,1,2,1,2
780,2016-03-03,1,2,5,7,16,45,33,4,2,4,1,0,0,1
781,2016-03-01,11,16,19,21,30,33,31,4,2,0,3,2,1,0
782,2016-02-27,6,9,11,20,27,44,42,3,3,2,2,1,0,1
783,2016-02-25,3,6,22,24,45,47,7,3,3,2,0,2,0,2
784,2016-02-23,9,15,24,27,44,45,47,4,2,1,1,2,0,2
785,2016-02-20,12,20,39,44,47,49,45,3,3,0,2,0,1,3
786,2016-02-18,13,20,38,39,41,45,46,4,2,0,2,0,2,2
787,2016-02-16,18,21,22,34,42,43,24,2,4,0,1,2,1,2
788,2016-02-13,8,14,24,29,36,43,31,2,4,1,1,2,1,1
789,2016-02-11,3,4,17,30,35,47,10,4,2,2,1,1,1,1
790,2016-02-07,11,13,15,19,21,29,41,6,0,0,4,2,0,0
791,2016-02-04,7,13,15,35,38,45,32,5,1,1,2,0,2,1
792,2016-02-02,18,28,30,33,34,36,2,1,5,0,1,2,3,0
793,2016-01-30,1,5,29,32,39,44,4,4,2,2,0,1,2,1
794,2016-01-28,8,20,30,34,42,48,36,0,6,1,1,1,1,2
795,2016-01-26,5,9,22,26,27,40,13,3,3,2,0,3,1,0
796,2016-01-23,7,8,12,14,23,32,5,2,4,2,2,1,1,0
797,2016-01-21,2,12,33,40,45,47,9,3,3,1,1,0,2,2
798,2016-01-19,8,18,20,25,30,39,13,2,4,1,2,2,1,0
799,2016-01-16,1,2,6,37,40,43,24,3,3,3,0,0,2,1
800,2016-01-14,1,2,10,23,32,49,26,3,3,3,0,1,1,1
801,2016-01-12,8,13,15,35,44,45,47,4,2,1,2,0,1,2
802,2016-01-10,4,8,15,18,30,45,38,2,4,2,2,1,0,1
803,2016-01-07,6,9,11,29,43,47,8,5,1,2,1,1,0,2
804,2016-01-05,2,5,7,18,30,45,11,3,3,3,1,1,0,1
805,2016-01-02,6,8,11,32,34,41,47,2,4,2,1,0,2,1
806,2015-12-31,2,11,12,22,24,25,3,2,4,1,2,3,0,0
807,2015-12-29,3,5,20,30,33,38,28,3,3,2,1,1,2,0
808,2015-12-26,1,8,33,37,42,47,7,4,2,2,0,0,2,2
809,2015-12-24,12,18,20,28,33,47,25,2,4,0,3,1,1,1
810,2015-12-22,11,28,36,38,44,48,26,1,5,0,1,1,2,2
811,2015-12-20,6,11,16,20,43,45,21,3,3,1,3,0,0,2
812,2015-12-17,18,20,24,36,44,45,39,1,5,0,2,1,1,2
813,2015-12-15,18,22,40,41,48,49,42,2,4,0,1,1,1,3
814,2015-12-12,16,18,27,35,42,44,33,2,4,0,2,1,1,2
815,2015-12-10,9,24,29,32,34,47,42,3,3,1,0,2,2,1
816,2015-12-08,9,10,25,40,48,49,32,3,3,2,0,1,1,2
817,2015-12-05,6,16,19,34,35,46,9,2,4,1,2,0,2,1
818,2015-12-03,4,11,14,41,42,44,10,2,4,1,2,0,0,3
819,2015-12-01,8,9,10,22,33,40,28,2,4,3,0,1,2,0
820,2015-11-28,15,21,24,25,28,31,48,4,2,0,1,4,1,0
821,2015-11-26,10,17,25,26,39,44,7,3,3,1,1,2,1,1
822,2015-11-24,17,21,22,36,41,44,38,3,3,0,1,2,1,2
823,2015-11-22,9,20,30,33,38,39,37,3,3,1,1,1,3,0
824,2015-11-19,13,15,25,40,41,48,19,4,2,0,2,1,1,2
825,2015-11-17,12,13,31,33,35,47,21,5,1,0,2,0,3,1
826,2015-11-15,13,15,24,28,41,45,20,4,2,0,2,2,0,2
827,2015-11-12,10,20,24,28,33,45,19,2,4,1,1,2,1,1
828,2015-11-10,4,14,28,42,43,47,3,2,4,1,1,1,0,3
829,2015-11-07,6,16,27,34,44,48,1,1,5,1,1,1,1,2
830,2015-11-05,5,10,11,25,27,44,7,4,2,2,1,2,0,1
831,2015-11-03,7,12,13,25,34,38,15,3,3,1,2,1,2,0
832,2015-10-31,4,10,28,37,42,48,8,1,5,2,0,1,1,2
833,2015-10-29,4,5,6,22,31,46,47,2,4,3,0,1,1,1
834,2015-10-27,20,22,31,33,39,44,10,3,3,0,1,1,3,1
835,2015-10-24,18,27,28,34,35,45,2,3,3,0,1,2,2,1
836,2015-10-21,1,14,16,25,40,48,17,2,4,1,2,1,1,1
837,2015-10-19,7,11,15,38,39,46,25,4,2,1,2,0,2,1
838,2015-10-17,2,12,19,33,34,48,24,2,4,1,2,0,2,1
839,2015-10-15,17,18,26,30,33,34,29,2,4,0,2,2,2,0
840,2015-10-13,1,4,22,30,33,34,26,2,4,2,0,2,2,0
841,2015-10-11,4,21,22,35,36,46,40,2,4,1,0,2,2,1
842,2015-10-08,8,17,28,34,39,40,14,2,4,1,1,1,3,0
843,2015-10-06,2,7,9,22,32,46,26,2,4,3,0,1,1,1
844,2015-10-03,8,10,16,30,39,40,6,1,5,2,1,1,2,0
845,2015-09-30,9,10,23,28,37,46,34,3,3,2,0,2,1,1
846,2015-09-26,6,15,16,18,37,43,2,3,3,1,3,0,1,1
847,2015-09-24,4,10,15,16,24,28,49,1,5,2,2,2,0,0
848,2015-09-22,2,11,12,25,36,43,10,3,3,1,2,1,1,1
849,2015-09-17,1,4,9,17,35,41,37,5,1,3,1,0,1,1
850,2015-09-15,3,5,17,22,25,27,46,5,1,2,1,3,0,0
851,2015-09-12,5,13,21,25,38,40,17,4,2,1,1,2,2,0
852,2015-09-10,1,11,13,23,35,36,34,5,1,1,2,1,2,0
853,2015-09-08,1,4,13,22,32,41,26,3,3,2,1,1,1,1
854,2015-09-05,15,16,20,26,36,40,46,1,5,0,3,1,2,0
855,2015-09-03,12,16,34,36,42,45,41,1,5,0,2,0,2,2
856,2015-09-01,5,6,8,10,31,36,17,2,4,4,0,0,2,0
857,2015-08-29,9,22,28,32,37,39,47,3,3,1,0,2,3,0
858,2015-08-27,9,13,29,30,39,45,48,5,1,1,1,2,1,1
859,2015-08-25,3,15,16,39,41,42,36,4,2,1,2,0,1,2
860,2015-08-22,2,26,31,32,36,37,12,2,4,1,0,1,4,0
861,2015-08-20,4,5,18,23,32,44,6,2,4,2,1,1,1,1
862,2015-08-18,7,17,34,41,43,49,1,5,1,1,1,0,1,3
863,2015-08-15,2,6,13,25,30,33,20,3,3,2,1,2,1,0
864,2015-08-13,1,4,8,21,22,24,46,2,4,3,0,3,0,0
865,2015-08-11,22,26,27,28,36,47,12,2,4,0,0,4,1,1
866,2015-08-08,10,12,19,25,42,46,37,2,4,1,2,1,0,2
867,2015-08-06,22,23,35,40,41,42,16,3,3,0,0,2,2,2
868,2015-08-04,5,9,13,15,21,23,12,6,0,2,2,2,0,0
869,2015-08-01,14,20,28,31,32,47,18,2,4,0,2,1,2,1
870,2015-07-30,4,5,11,17,24,48,46,3,3,2,2,1,0,1
871,2015-07-28,12,25,32,33,34,35,45,3,3,0,1,1,4,0
872,2015-07-26,4,11,15,26,28,30,13,2,4,1,2,3,0,0
873,2015-07-23,10,33,40,43,45,49,38,4,2,1,0,0,2,3
874,2015-07-21,4,14,15,19,41,42,10,3,3,1,3,0,0,2
875,2015-07-18,13,20,23,24,46,47,39,3,3,0,2,2,0,2
876,2015-07-16,16,18,22,23,35,38,25,2,4,0,2,2,2,0
877,2015-07-14,7,8,10,13,20,38,5,2,4,3,2,0,1,0
878,2015-07-11,2,5,17,22,27,28,37,3,3,2,1,3,0,0
879,2015-07-07,9,19,28,29,38,40,33,3,3,1,1,2,2,0
880,2015-07-04,9,24,32,34,43,47,35,3,3,1,0,1,2,2
881,2015-07-02,4,11,23,32,44,48,49,2,4,1,1,1,1,2
882,2015-06-30,12,14,21,27,38,43,15,3,3,0,2,2,1,1
883,2015-06-28,8,9,18,33,41,43,15,4,2,2,1,0,1,2
884,2015-06-25,1,5,26,28,40,49,15,3,3,2,0,2,1,1
885,2015-06-23,3,10,26,33,42,46,44,2,4,2,0,1,1,2
886,2015-06-20,12,16,31,34,42,48,37,1,5,0,2,0,2,2
887,2015-06-18,4,11,12,24,35,46,3,2,4,1,2,1,1,1
888,2015-06-16,13,16,24,26,40,44,42,1,5,0,2,2,1,1
889,2015-06-13,10,12,24,25,26,33,23,2,4,1,1,3,1,0
890,2015-06-11,10,13,35,38,42,44,27,2,4,1,1,0,2,2
891,2015-06-09,7,12,16,17,20,25,31,3,3,1,4,1,0,0
892,2015-06-06,9,11,14,22,27,49,44,4,2,1,2,2,0,1
893,2015-06-04,18,24,28,31,39,49,44,3,3,0,1,2,2,1
894,2015-06-02,11,12,15,21,38,42,25,3,3,0,3,1,1,1
895,2015-05-30,9,16,28,36,42,45,2,2,4,1,1,1,1,2
896,2015-05-28,2,7,20,23,44,47,30,3,3,2,1,1,0,2
897,2015-05-26,7,10,15,37,42,45,41,4,2,2,1,0,1,2
898,2015-05-23,5,10,13,43,44,45,7,4,2,2,1,0,0,3
899,2015-05-21,16,18,19,36,42,47,46,2,4,0,3,0,1,2
900,2015-05-19,21,27,28,33,37,48,13,4,2,0,0,3,2,1
901,2015-05-17,21,32,36,37,44,46,47,2,4,0,0,1,3,2
902,2015-05-14,5,17,22,34,38,48,2,2,4,1,1,1,2,1
903,2015-05-12,3,7,15,25,26,47,10,5,1,2,1,2,0,1
904,2015-05-10,2,13,15,38,39,44,8,3,3,1,2,0,2,1
905,2015-05-07,3,7,14,21,25,29,6,5,1,2,1,3,0,0
906,2015-05-05,11,13,41,42,43,49,29,5,1,0,2,0,0,4
907,2015-05-02,7,10,12,16,26,49,40,2,4,2,2,1,0,1
908,2015-04-30,6,8,30,34,36,42,12,0,6,2,0,1,2,1
909,2015-04-28,1,8,28,31,36,45,9,3,3,2,0,1,2,1
910,2015-04-25,12,19,21,24,36,49,23,3,3,0,2,2,1,1
911,2015-04-23,3,4,7,8,26,36,31,2,4,4,0,1,1,0
912,2015-04-21,3,13,20,24,43,48,49,3,3,1,2,1,0,2
913,2015-04-18,12,17,29,31,41,47,38,5,1,0,2,1,1,2
914,2015-04-16,1,3,5,20,35,39,28,5,1,3,1,0,2,0
915,2015-04-14,30,31,35,40,42,48,6,2,4,0,0,1,3,2
916,2015-04-11,6,17,18,19,20,42,25,2,4,1,4,0,0,1
917,2015-04-09,10,11,31,34,37,38,14,3,3,1,1,0,4,0
918,2015-04-06,21,24,26,42,43,46,4,2,4,0,0,3,0,3
919,2015-04-04,9,12,26,29,44,45,19,3,3,1,1,2,0,2
920,2015-04-02,4,12,20,37,42,47,35,2,4,1,2,0,1,2
921,2015-03-31,2,5,10,27,36,46,7,2,4,3,0,1,1,1
922,2015-03-28,6,11,16,29,30,37,34,3,3,1,2,2,1,0
923,2015-03-26,2,6,9,16,39,49,29,3,3,3,1,0,1,1
924,2015-03-24,2,5,13,37,42,44,27,3,3,2,1,0,1,2
925,2015-03-22,7,26,30,33,34,38,5,2,4,1,0,2,3,0
926,2015-03-19,12,15,17,30,31,43,46,4,2,0,3,1,1,1
927,2015-03-17,1,5,11,23,34,47,14,5,1,2,1,1,1,1
928,2015-03-14,4,21,25,29,32,37,27,4,2,1,0,3,2,0
929,2015-03-12,14,17,23,24,25,37,34,4,2,0,2,3,1,0
930,2015-03-10,1,18,22,27,45,48,25,3,3,1,1,2,0,2
931,2015-03-07,6,8,12,16,32,49,37,1,5,2,2,0,1,1
932,2015-03-05,2,6,10,20,38,40,46,0,6,3,1,0,2,0
933,2015-03-03,13,17,25,27,46,49,19,5,1,0,2,2,0,2
934,2015-02-28,6,9,23,25,41,43,38,5,1,2,0,2,0,2
935,2015-02-26,10,12,20,22,25,33,27,2,4,1,2,2,1,0
936,2015-02-24,17,18,28,32,33,48,37,2,4,0,2,1,2,1
937,2015-02-22,15,20,28,29,42,46,35,2,4,0,2,2,0,2
938,2015-02-17,14,22,28,33,44,46,25,1,5,0,1,2,1,2
939,2015-02-14,2,10,12,21,25,35,26,3,3,2,1,2,1,0
940,2015-02-12,7,9,10,14,22,31,35,3,3,3,1,1,1,0
941,2015-02-10,2,17,23,30,34,41,14,3,3,1,1,2,1,1
942,2015-02-08,5,7,17,18,27,48,30,4,2,2,2,1,0,1
943,2015-02-05,13,16,17,18,22,45,10,3,3,0,4,1,0,1
944,2015-02-03,11,34,36,43,47,49,21,4,2,0,1,0,2,3
945,2015-01-31,5,7,14,17,46,47,27,4,2,2,2,0,0,2
946,2015-01-29,6,15,25,29,32,46,9,3,3,1,1,2,1,1
947,2015-01-27,4,5,10,13,28,35,12,3,3,3,1,1,1,0
948,2015-01-24,17,18,20,26,31,32,6,2,4,0,3,1,2,0
949,2015-01-22,8,16,21,30,42,46,32,1,5,1,1,2,0,2
950,2015-01-20,5,7,9,13,15,29,47,6,0,3,2,1,0,0
951,2015-01-17,14,15,16,25,27,30,11,3,3,0,3,3,0,0
952,2015-01-15,1,2,14,37,43,49,24,4,2,2,1,0,1,2
953,2015-01-13,16,21,27,37,40,43,14,4,2,0,1,2,2,1
954,2015-01-11,10,21,24,33,40,47,5,3,3,1,0,2,2,1
955,2015-01-08,8,18,19,28,37,44,13,2,4,1,2,1,1,1
956,2015-01-06,3,14,16,18,38,49,29,2,4,1,3,0,1,1
957,2015-01-03,8,15,31,35,42,44,39,3,3,1,1,0,2,2
958,2014-12-31,10,19,25,32,33,37,27,4,2,1,1,1,3,0
959,2014-12-29,1,25,30,33,39,40,7,4,2,1,0,2,3,0
960,2014-12-27,14,15,28,31,32,48,40,2,4,0,2,1,2,1
961,2014-12-25,12,19,24,43,46,47,30,3,3,0,2,1,0,3
962,2014-12-23,1,4,12,14,35,47,33,3,3,2,2,0,1,1
963,2014-12-21,2,25,30,36,37,43,22,3,3,1,0,2,2,1
964,2014-12-18,6,8,10,21,25,29,33,3,3,3,0,3,0,0
965,2014-12-16,1,7,14,31,34,42,16,3,3,2,1,0,2,1
966,2014-12-13,12,14,17,20,40,48,19,1,5,0,4,0,1,1
967,2014-12-11,1,7,13,32,35,39,31,5,1,2,1,0,3,0
968,2014-12-09,3,4,13,29,31,41,46,5,1,2,1,1,1,1
969,2014-12-06,17,18,21,25,40,48,16,3,3,0,2,2,1,1
970,2014-12-04,1,8,20,27,33,36,35,3,3,2,1,1,2,0
971,2014-12-02,1,4,13,27,47,49,33,5,1,2,1,1,0,2
972,2014-11-29,7,26,29,32,33,37,31,4,2,1,0,2,3,0
973,2014-11-27,2,20,22,30,40,45,44,1,5,1,1,2,1,1
974,2014-11-25,6,35,41,42,44,47,19,3,3,1,0,0,1,4
975,2014-11-22,2,12,17,27,32,33,44,3,3,1,2,1,2,0
976,2014-11-20,8,16,19,33,35,46,12,3,3,1,2,0,2,1
977,2014-11-18,2,6,17,24,37,49,46,3,3,2,1,1,1,1
978,2014-11-16,7,15,32,33,34,43,10,4,2,1,1,0,3,1
979,2014-11-13,21,36,41,42,46,49,6,3,3,0,0,1,1,4
980,2014-11-11,3,5,9,19,48,49,26,5,1,3,1,0,0,2
981,2014-11-08,7,8,15,32,34,39,43,3,3,2,1,0,3,0
982,2014-11-06,4,10,12,14,29,48,3,1,5,2,2,1,0,1
983,2014-11-04,16,23,29,30,37,38,33,3,3,0,1,3,2,0
984,2014-11-01,9,10,11,20,26,44,31,2,4,2,2,1,0,1
985,2014-10-30,3,19,29,36,47,49,33,5,1,1,1,1,1,2
986,2014-10-28,16,26,30,37,43,47,31,3,3,0,1,2,1,2
987,2014-10-25,1,13,39,40,41,43,18,5,1,1,1,0,2,2
988,2014-10-23,11,14,28,29,37,41,19,4,2,0,2,2,1,1
989,2014-10-21,6,9,17,18,29,34,42,3,3,2,2,1,1,0
990,2014-10-18,12,19,22,36,40,47,25,2,4,0,2,1,2,1
991,2014-10-16,4,9,34,39,48,49,18,3,3,2,0,0,2,2
992,2014-10-14,1,5,8,17,20,37,33,4,2,3,2,0,1,0
993,2014-10-11,26,29,34,35,37,47,8,4,2,0,0,2,3,1
994,2014-10-09,2,12,14,23,40,46,39,1,5,1,2,1,1,1
995,2014-10-07,12,13,26,33,42,49,48,3,3,0,2,1,1,2
996,2014-10-04,5,14,22,24,27,45,8,3,3,1,1,3,0,1
997,2014-10-02,4,10,24,29,33,35,7,3,3,2,0,2,2,0
998,2014-09-30,10,16,20,39,45,46,47,2,4,1,2,0,1,2
999,2014-09-28,6,10,12,26,28,35,24,1,5,2,1,2,1,0
1000,2014-09-25,3,19,42,44,48,49,38,3,3,1,1,0,0,4
1001,2014-09-23,12,13,20,28,41,43,23,3,3,0,3,1,0,2
1002,2014-09-20,3,16,32,38,40,48,27,1,5,1,1,0,3,1
1003,2014-09-18,6,16,20,25,27,45,29,3,3,1,2,2,0,1
1004,2014-09-16,4,15,17,22,34,43,35,3,3,1,2,1,1,1
1005,2014-09-13,3,12,40,43,48,49,32,3,3,1,1,0,1,3
1006,2014-09-09,7,25,27,36,39,42,31,4,2,1,0,2,2,1
1007,2014-09-04,11,14,34,36,43,46,1,2,4,0,2,0,2,2
1008,2014-09-02,26,28,37,43,45,47,25,4,2,0,0,2,1,3
1009,2014-08-30,15,18,24,27,39,49,6,4,2,0,2,2,1,1
1010,2014-08-28,11,17,24,27,31,38,49,4,2,0,2,2,2,0
1011,2014-08-26,25,29,32,33,37,44,47,4,2,0,0,2,3,1
1012,2014-08-23,4,12,14,24,32,38,13,0,6,1,2,1,2,0
1013,2014-08-21,10,14,26,29,30,31,18,2,4,1,1,3,1,0
1014,2014-08-19,2,5,27,32,42,46,16,2,4,2,0,1,1,2
1015,2014-08-16,23,26,27,37,42,46,15,3,3,0,0,3,1,2
1016,2014-08-14,4,8,14,23,48,49,11,2,4,2,1,1,0,2
1017,2014-08-12,7,9,27,31,36,39,32,5,1,2,0,1,3,0
1018,2014-08-09,1,9,15,31,33,41,37,6,0,2,1,0,2,1
1019,2014-08-07,5,14,31,32,36,46,11,2,4,1,1,0,3,1
1020,2014-08-05,5,7,8,18,24,29,14,3,3,3,1,2,0,0
1021,2014-08-02,3,22,23,26,42,48,28,2,4,1,0,3,0,2
1022,2014-07-31,12,22,27,35,44,48,38,2,4,0,1,2,1,2
1023,2014-07-29,11,13,15,31,37,47,19,6,0,0,3,0,2,1
1024,2014-07-26,1,4,15,17,36,42,40,3,3,2,2,0,1,1
1025,2014-07-24,4,5,21,31,36,38,14,3,3,2,0,1,3,0
1026,2014-07-22,1,3,14,16,24,41,13,3,3,2,2,1,0,1
1027,2014-07-19,1,9,30,40,41,48,49,3,3,2,0,1,1,2
1028,2014-07-17,1,20,28,30,42,43,10,2,4,1,1,2,0,2
1029,2014-07-15,2,5,9,32,41,42,44,3,3,3,0,0,1,2
1030,2014-07-12,3,11,13,23,40,49,43,5,1,1,2,1,1,1
1031,2014-07-10,1,2,9,17,22,25,8,4,2,3,1,2,0,0
1032,2014-07-08,4,16,22,27,38,39,36,2,4,1,1,2,2,0
1033,2014-07-05,10,14,32,36,37,38,47,1,5,1,1,0,4,0
1034,2014-07-03,14,17,34,37,43,48,20,3,3,0,2,0,2,2
1035,2014-06-29,15,23,26,38,46,47,21,3,3,0,1,2,1,2
1036,2014-06-26,2,20,40,42,47,48,28,1,5,1,1,0,1,3
1037,2014-06-24,18,24,25,30,31,35,36,3,3,0,1,3,2,0
1038,2014-06-21,2,17,37,40,45,49,48,4,2,1,1,0,2,2
1039,2014-06-19,3,17,24,30,31,44,7,3,3,1,1,2,1,1
1040,2014-06-17,3,4,15,16,23,45,21,4,2,2,2,1,0,1
1041,2014-06-12,3,18,21,41,44,45,15,4,2,1,1,1,0,3
1042,2014-06-10,1,30,32,35,37,44,40,3,3,1,0,1,3,1
1043,2014-06-07,4,8,13,19,44,48,27,2,4,2,2,0,0,2
1044,2014-06-04,10,11,25,33,40,46,6,3,3,1,1,1,2,1
1045,2014-06-02,3,13,19,20,36,39,15,4,2,1,3,0,2,0
1046,2014-05-31,2,10,28,32,37,47,31,2,4,2,0,1,2,1
1047,2014-05-29,4,14,19,24,26,48,35,1,5,1,2,2,0,1
1048,2014-05-27,3,10,16,30,34,44,1,1,5,2,1,1,1,1
1049,2014-05-24,2,4,14,30,39,41,49,2,4,2,1,1,1,1
1050,2014-05-22,9,17,28,31,35,37,19,5,1,1,1,1,3,0
1051,2014-05-20,10,16,33,34,44,47,6,2,4,1,1,0,2,2
1052,2014-05-18,9,12,21,27,37,45,7,5,1,1,1,2,1,1
1053,2014-05-15,9,12,16,24,34,35,7,2,4,1,2,1,2,0
1054,2014-05-13,9,20,22,32,35,41,8,3,3,1,1,1,2,1
1055,2014-05-11,11,16,26,38,45,49,5,3,3,0,2,1,1,2
1056,2014-05-08,2,10,12,30,37,39,48,2,4,2,1,1,2,0
1057,2014-05-06,10,23,33,36,39,44,30,3,3,1,0,1,3,1
1058,2014-05-03,2,6,13,16,30,36,25,1,5,2,2,1,1,0
1059,2014-05-01,1,14,28,29,37,43,30,4,2,1,1,2,1,1
1060,2014-04-29,2,8,15,26,37,45,14,3,3,2,1,1,1,1
1061,2014-04-26,9,12,22,27,36,47,46,3,3,1,1,2,1,1
1062,2014-04-24,1,17,28,32,39,40,16,3,3,1,1,1,3,0
1063,2014-04-22,1,3,12,29,36,41,14,4,2,2,1,1,1,1
1064,2014-04-19,20,21,32,35,46,47,3,3,3,0,1,1,2,2
1065,2014-04-17,12,14,17,23,24,45,42,3,3,0,3,2,0,1
1066,2014-04-15,6,14,16,28,41,45,27,2,4,1,2,1,0,2
1067,2014-04-12,6,18,20,28,43,45,13,2,4,1,2,1,0,2
1068,2014-04-10,4,18,21,31,42,49,25,3,3,1,1,1,1,2
1069,2014-04-08,11,24,31,45,46,47,6,4,2,0,1,1,1,3
1070,2014-04-05,10,19,38,39,44,45,31,3,3,1,1,0,2,2
1071,2014-04-03,4,9,25,26,27,28,3,3,3,2,0,4,0,0
1072,2014-04-01,22,33,36,43,48,49,25,3,3,0,0,1,2,3
1073,2014-03-29,2,10,12,18,24,33,11,1,5,2,2,1,1,0
1074,2014-03-27,7,23,35,42,45,49,36,5,1,1,0,1,1,3
1075,2014-03-25,22,28,35,36,44,45,6,2,4,0,0,2,2,2
1076,2014-03-22,11,20,21,26,34,49,4,3,3,0,2,2,1,1
1077,2014-03-20,1,9,18,25,37,48,14,4,2,2,1,1,1,1
1078,2014-03-18,2,17,23,35,42,48,27,3,3,1,1,1,1,2
1079,2014-03-15,2,15,21,24,29,46,27,3,3,1,1,3,0,1
1080,2014-03-13,7,10,17,19,20,22,30,3,3,2,3,1,0,0
1081,2014-03-11,4,6,15,28,30,33,27,2,4,2,1,2,1,0
1082,2014-03-08,2,3,16,17,24,32,40,2,4,2,2,1,1,0
1083,2014-03-06,6,10,20,27,39,46,38,2,4,2,1,1,1,1
1084,2014-03-04,3,13,16,19,27,33,22,5,1,1,3,1,1,0
1085,2014-03-02,11,16,19,21,38,46,34,3,3,0,3,1,1,1
1086,2014-02-27,5,9,15,24,28,35,44,4,2,2,1,2,1,0
1087,2014-02-25,8,26,39,40,41,43,5,3,3,1,0,1,2,2
1088,2014-02-22,2,23,24,29,33,35,14,4,2,1,0,3,2,0
1089,2014-02-20,3,5,24,26,31,40,45,3,3,2,0,2,2,0
1090,2014-02-18,15,21,23,25,34,45,35,5,1,0,1,3,1,1
1091,2014-02-15,2,14,30,32,36,45,11,1,5,1,1,1,2,1
1092,2014-02-13,19,23,25,40,46,49,30,4,2,0,1,2,1,2
1093,2014-02-11,7,10,24,25,27,29,19,4,2,2,0,4,0,0
1094,2014-02-09,20,21,35,37,47,48,14,4,2,0,1,1,2,2
1095,2014-02-06,26,27,32,33,37,45,39,4,2,0,0,2,3,1
1096,2014-02-04,11,13,15,39,48,49,37,5,1,0,3,0,1,2
1097,2014-01-30,2,3,4,16,26,36,45,1,5,3,1,1,1,0
1098,2014-01-28,4,20,27,30,31,37,18,3,3,1,1,2,2,0
1099,2014-01-25,5,20,37,38,43,48,6,3,3,1,1,0,2,2
1100,2014-01-23,4,5,18,21,27,31,7,4,2,2,1,2,1,0
1101,2014-01-21,8,20,23,34,37,49,44,3,3,1,1,1,2,1
1102,2014-01-18,3,17,18,26,28,44,38,2,4,1,2,2,0,1
1103,2014-01-16,9,15,16,17,18,37,33,4,2,1,4,0,1,0
1104,2014-01-14,9,11,27,31,33,34,21,5,1,1,1,1,3,0
1105,2014-01-12,3,16,36,39,42,44,17,2,4,1,1,0,2,2
1106,2014-01-09,4,15,16,28,39,45,25,3,3,1,2,1,1,1
1107,2014-01-07,9,16,30,31,38,41,46,3,3,1,1,1,2,1
1108,2014-01-04,6,16,31,32,44,49,43,2,4,1,1,0,2,2
1109,2014-01-02,1,36,38,43,46,49,21,3,3,1,0,0,2,3
1110,2013-12-31,7,9,12,40,42,44,14,2,4,2,1,0,1,2
1111,2013-12-28,4,9,20,32,42,43,5,2,4,2,1,0,1,2
1112,2013-12-25,4,21,25,45,47,49,6,5,1,1,0,2,0,3
1113,2013-12-22,12,13,18,41,43,49,39,4,2,0,3,0,0,3
1114,2013-12-19,4,14,31,39,43,47,27,4,2,1,1,0,2,2
1115,2013-12-17,1,8,15,19,20,33,47,4,2,2,3,0,1,0
1116,2013-12-14,6,14,15,38,46,49,29,2,4,1,2,0,1,2
1117,2013-12-12,10,19,24,28,31,34,27,2,4,1,1,2,2,0
1118,2013-12-10,1,8,17,30,36,46,16,2,4,2,1,1,1,1
1119,2013-12-07,5,18,24,26,41,44,20,2,4,1,1,2,0,2
1120,2013-12-05,1,16,17,19,26,46,29,3,3,1,3,1,0,1
1121,2013-12-03,1,17,24,29,39,40,21,4,2,1,1,2,2,0
1122,2013-11-30,2,15,19,34,42,45,14,3,3,1,2,0,1,2
1123,2013-11-28,3,6,21,33,34,43,9,4,2,2,0,1,2,1
1124,2013-11-26,9,10,12,31,34,44,18,2,4,2,1,0,2,1
1125,2013-11-23,3,18,20,21,30,41,13,3,3,1,2,2,0,1
1126,2013-11-21,3,6,8,23,25,49,4,4,2,3,0,2,0,1
1127,2013-11-19,12,27,35,44,47,49,36,4,2,0,1,1,1,3
1128,2013-11-16,1,8,17,32,39,43,48,4,2,2,1,0,2,1
1129,2013-11-14,3,8,10,25,29,34,32,3,3,3,0,2,1,0
1130,2013-11-12,18,19,21,28,47,49,46,4,2,0,2,2,0,2
1131,2013-11-10,13,31,32,35,39,42,16,4,2,0,1,0,4,1
1132,2013-11-07,4,9,14,26,30,42,21,1,5,2,1,2,0,1
1133,2013-11-05,4,22,25,37,38,42,20,2,4,1,0,2,2,1
1134,2013-11-02,8,18,19,29,31,34,36,3,3,1,2,1,2,0
1135,2013-10-31,2,9,29,43,46,47,21,4,2,2,0,1,0,3
1136,2013-10-29,1,20,22,25,34,47,17,3,3,1,1,2,1,1
1137,2013-10-26,6,15,30,38,47,48,40,2,4,1,1,1,1,2
1138,2013-10-24,9,10,22,24,43,44,30,2,4,2,0,2,0,2
1139,2013-10-22,5,9,34,36,41,49,26,4,2,2,0,0,2,2
1140,2013-10-19,1,10,31,41,44,47,18,4,2,2,0,0,1,3
1141,2013-10-17,1,11,24,35,44,45,49,4,2,1,1,1,1,2
1142,2013-10-15,4,20,27,33,41,46,12,3,3,1,1,1,1,2
1143,2013-10-13,24,28,35,37,42,48,38,2,4,0,0,2,2,2
1144,2013-10-10,8,9,11,16,17,38,20,3,3,2,3,0,1,0
1145,2013-10-08,1,3,6,7,15,27,30,5,1,4,1,1,0,0
1146,2013-10-05,4,6,9,29,31,36,20,3,3,3,0,1,2,0
1147,2013-10-03,14,17,26,32,35,41,15,3,3,0,2,1,2,1
1148,2013-09-30,1,11,29,40,43,44,4,4,2,1,1,1,1,2
1149,2013-09-28,33,39,40,43,48,49,34,4,2,0,0,0,3,3
1150,2013-09-26,3,6,7,9,11,28,34,4,2,4,1,1,0,0
1151,2013-09-24,13,25,26,29,30,39,19,4,2,0,1,4,1,0
1152,2013-09-21,22,25,35,36,39,47,31,4,2,0,0,2,3,1
1153,2013-09-19,3,15,18,26,45,49,41,4,2,1,2,1,0,2
1154,2013-09-16,17,22,31,39,45,47,49,5,1,0,1,1,2,2
1155,2013-09-14,6,21,29,39,40,47,33,4,2,1,0,2,2,1
1156,2013-09-12,1,14,26,28,31,48,36,2,4,1,1,2,1,1
1157,2013-09-10,8,12,19,39,48,49,17,3,3,1,2,0,1,2
1158,2013-09-07,7,10,17,18,28,30,6,2,4,2,2,2,0,0
1159,2013-09-05,1,7,22,28,29,49,37,4,2,2,0,3,0,1
1160,2013-09-03,21,25,26,33,35,39,17,5,1,0,0,3,3,0
1161,2013-08-31,3,6,17,18,42,43,36,3,3,2,2,0,0,2
1162,2013-08-29,24,25,28,35,38,47,16,3,3,0,0,3,2,1
1163,2013-08-27,9,14,29,30,32,36,20,2,4,1,1,2,2,0
1164,2013-08-24,3,6,10,14,15,20,33,2,4,3,3,0,0,0
1165,2013-08-22,1,16,25,33,41,49,46,5,1,1,1,1,1,2
1166,2013-08-20,13,14,15,31,46,48,36,3,3,0,3,0,1,2
1167,2013-08-17,9,14,30,31,32,49,1,3,3,1,1,1,2,1
1168,2013-08-15,10,16,22,26,31,42,23,1,5,1,1,2,1,1
1169,2013-08-13,1,6,31,41,42,49,44,4,2,2,0,0,1,3
1170,2013-08-10,3,10,20,30,41,44,31,2,4,2,1,1,0,2
1171,2013-08-08,13,15,23,25,26,29,9,5,1,0,2,4,0,0
1172,2013-08-06,4,11,15,19,32,44,42,3,3,1,3,0,1,1
1173,2013-08-03,5,6,12,23,38,39,48,3,3,2,1,1,2,0
1174,2013-08-01,6,8,10,19,20,22,42,1,5,3,2,1,0,0
1175,2013-07-30,8,12,31,33,42,44,49,2,4,1,1,0,2,2
1176,2013-07-27,1,3,7,22,28,36,21,3,3,3,0,2,1,0
1177,2013-07-25,20,23,27,32,34,49,30,3,3,0,1,2,2,1
1178,2013-07-23,6,8,17,22,28,32,20,1,5,2,1,2,1,0
1179,2013-07-21,3,17,20,26,33,47,34,4,2,1,2,1,1,1
1180,2013-07-18,14,18,28,32,36,46,44,0,6,0,2,1,2,1
1181,2013-07-16,3,18,19,20,37,47,25,4,2,1,3,0,1,1
1182,2013-07-13,7,14,18,23,32,46,42,2,4,1,2,1,1,1
1183,2013-07-11,14,26,28,38,39,45,8,2,4,0,1,2,2,1
1184,2013-07-09,1,4,15,38,40,46,49,2,4,2,1,0,2,1
1185,2013-07-06,6,9,27,29,43,47,17,5,1,2,0,2,0,2
1186,2013-07-02,7,19,28,33,43,45,13,5,1,1,1,1,1,2
1187,2013-06-29,1,3,4,26,34,37,14,3,3,3,0,1,2,0
1188,2013-06-27,16,34,37,42,47,48,17,2,4,0,1,0,2,3
1189,2013-06-25,17,20,29,35,38,40,22,3,3,0,2,1,3,0
1190,2013-06-22,23,25,34,40,42,46,39,2,4,0,0,2,2,2
1191,2013-06-20,11,14,16,29,31,46,30,3,3,0,3,1,1,1
1192,2013-06-18,9,22,23,31,45,47,39,5,1,1,0,2,1,2
1193,2013-06-15,9,14,27,29,42,45,44,4,2,1,1,2,0,2
1194,2013-06-13,3,11,26,32,35,43,1,4,2,1,1,1,2,1
1195,2013-06-11,1,14,21,35,39,40,5,4,2,1,1,1,3,0
1196,2013-06-09,15,18,22,24,42,44,28,1,5,0,2,2,0,2
1197,2013-06-06,10,16,20,28,32,48,30,0,6,1,2,1,1,1
1198,2013-06-04,9,17,26,36,40,48,2,2,4,1,1,1,2,1
1199,2013-06-01,1,23,27,36,45,49,7,5,1,1,0,2,1,2
1200,2013-05-30,15,17,22,27,36,46,23,3,3,0,2,2,1,1
1201,2013-05-28,1,4,5,6,9,25,27,4,2,5,0,1,0,0
1202,2013-05-25,3,8,10,25,26,40,38,2,4,3,0,2,1,0
1203,2013-05-23,12,24,27,45,47,49,6,4,2,0,1,2,0,3
1204,2013-05-21,11,12,16,18,23,31,36,3,3,0,4,1,1,0
1205,2013-05-19,4,14,24,30,43,48,34,1,5,1,1,2,0,2
1206,2013-05-16,7,18,27,32,42,48,17,2,4,1,1,1,1,2
1207,2013-05-14,2,11,16,19,44,47,27,3,3,1,3,0,0,2
1208,2013-05-12,1,6,11,16,20,25,22,3,3,2,3,1,0,0
1209,2013-05-09,12,14,15,16,22,34,13,1,5,0,4,1,1,0
1210,2013-05-07,5,9,14,24,29,37,36,4,2,2,1,2,1,0
1211,2013-05-04,1,10,29,40,44,49,33,3,3,2,0,1,1,2
1212,2013-05-02,1,5,28,31,44,46,14,3,3,2,0,1,1,2
1213,2013-04-30,4,18,24,30,31,49,36,2,4,1,1,2,1,1
1214,2013-04-27,4,7,16,23,26,28,9,2,4,2,1,3,0,0
1215,2013-04-25,14,15,17,22,38,48,19,2,4,0,3,1,1,1
1216,2013-04-23,7,20,23,29,35,41,6,5,1,1,1,2,1,1
1217,2013-04-21,9,10,15,33,40,49,48,4,2,2,1,0,2,1
1218,2013-04-18,4,5,14,17,22,39,9,3,3,2,2,1,1,0
1219,2013-04-16,11,15,21,27,38,43,48,5,1,0,2,2,1,1
1220,2013-04-13,8,16,29,40,46,47,18,2,4,1,1,1,1,2
1221,2013-04-11,11,18,20,24,29,49,2,3,3,0,3,2,0,1
1222,2013-04-09,2,3,25,28,35,43,39,4,2,2,0,2,1,1
1223,2013-04-06,10,12,16,29,41,48,25,2,4,1,2,1,0,2
1224,2013-04-04,2,7,11,15,17,27,4,5,1,2,3,1,0,0
1225,2013-04-02,2,4,9,31,33,46,5,3,3,3,0,0,2,1
1226,2013-03-30,4,6,19,25,34,43,17,3,3,2,1,1,1,1
1227,2013-03-28,12,17,31,38,44,45,43,3,3,0,2,0,2,2
1228,2013-03-26,10,15,26,35,40,44,11,2,4,1,1,1,2,1
1229,2013-03-23,6,9,17,25,33,42,27,4,2,2,1,1,1,1
1230,2013-03-21,1,4,13,22,39,42,34,3,3,2,1,1,1,1
1231,2013-03-19,3,12,15,28,29,34,8,3,3,1,2,2,1,0
1232,2013-03-16,6,9,31,41,45,47,18,5,1,2,0,0,1,3
1233,2013-03-14,3,4,15,16,17,46,12,3,3,2,3,0,0,1
1234,2013-03-12,13,15,17,30,38,45,4,4,2,0,3,1,1,1
1235,2013-03-09,9,18,24,34,40,43,28,2,4,1,1,1,2,1
1236,2013-03-07,8,9,24,35,39,41,2,4,2,2,0,1,2,1
1237,2013-03-05,4,6,8,35,36,43,5,2,4,3,0,0,2,1
1238,2013-03-03,7,8,26,31,35,39,37,4,2,2,0,1,3,0
1239,2013-02-28,10,11,23,26,28,30,17,2,4,1,1,4,0,0
1240,2013-02-26,1,4,15,16,18,36,21,2,4,2,3,0,1,0
1241,2013-02-23,12,19,23,30,35,36,15,3,3,0,2,2,2,0
1242,2013-02-21,11,14,21,22,32,49,7,3,3,0,2,2,1,1
1243,2013-02-19,5,18,19,32,40,44,34,2,4,1,2,0,2,1
1244,2013-02-16,3,12,30,35,37,38,18,3,3,1,1,1,3,0
1245,2013-02-14,11,16,24,27,36,48,47,2,4,0,2,2,1,1
1246,2013-02-09,4,8,10,35,46,47,32,2,4,3,0,0,1,2
1247,2013-02-07,3,8,12,18,22,33,37,2,4,2,2,1,1,0
1248,2013-02-05,5,19,31,32,34,45,13,4,2,1,1,0,3,1
1249,2013-02-03,2,17,23,39,47,48,22,4,2,1,1,1,1,2
1250,2013-01-31,16,22,27,35,38,46,32,2,4,0,1,2,2,1
1251,2013-01-29,8,20,26,36,44,47,28,1,5,1,1,1,1,2
1252,2013-01-26,2,29,41,42,45,48,5,3,3,1,0,1,0,4
1253,2013-01-24,1,2,3,9,20,49,24,4,2,4,1,0,0,1
1254,2013-01-22,2,4,20,22,30,37,1,1,5,2,1,2,1,0
1255,2013-01-19,3,12,19,21,31,48,26,4,2,1,2,1,1,1
1256,2013-01-17,2,8,14,25,43,44,11,2,4,2,1,1,0,2
1257,2013-01-15,3,4,7,24,27,31,13,4,2,3,0,2,1,0
1258,2013-01-13,3,6,19,21,31,49,7,5,1,2,1,1,1,1
1259,2013-01-10,2,9,24,34,41,45,48,3,3,2,0,1,1,2
1260,2013-01-08,14,19,20,21,29,49,7,4,2,0,3,2,0,1
1261,2013-01-03,17,25,32,33,46,48,39,3,3,0,1,1,2,2
1262,2012-12-31,5,6,25,30,32,48,45,2,4,2,0,2,1,1
1263,2012-12-29,1,6,9,11,33,39,40,5,1,3,1,0,2,0
1264,2012-12-27,4,7,29,39,44,47,23,4,2,2,0,1,1,2
1265,2012-12-25,12,18,23,24,46,49,14,2,4,0,2,2,0,2
1266,2012-12-23,9,27,28,32,34,43,2,3,3,1,0,2,2,1
1267,2012-12-20,4,12,25,34,36,40,49,1,5,1,1,1,3,0
1268,2012-12-18,8,14,21,41,45,48,34,3,3,1,1,1,0,3
1269,2012-12-15,18,21,28,33,41,47,48,4,2,0,1,2,1,2
1270,2012-12-13,6,9,29,31,42,47,14,4,2,2,0,1,1,2
1271,2012-12-11,2,15,28,41,42,49,24,3,3,1,1,1,0,3
1272,2012-12-08,15,22,30,33,34,47,38,3,3,0,1,2,2,1
1273,2012-12-06,1,6,38,41,43,45,48,4,2,2,0,0,1,3
1274,2012-12-04,7,10,11,18,37,47,4,4,2,2,2,0,1,1
1275,2012-12-01,10,16,17,27,36,38,47,2,4,1,2,1,2,0
1276,2012-11-29,13,17,26,28,32,34,6,2,4,0,2,2,2,0
1277,2012-11-27,8,20,21,24,34,47,10,2,4,1,1,2,1,1
1278,2012-11-24,2,3,4,15,23,40,13,3,3,3,1,1,1,0
1279,2012-11-22,9,22,26,30,44,49,31,2,4,1,0,3,0,2
1280,2012-11-20,2,11,20,37,45,47,13,4,2,1,2,0,1,2
1281,2012-11-17,7,12,24,39,43,48,30,3,3,1,1,1,1,2
1282,2012-11-15,18,20,36,41,46,48,21,1,5,0,2,0,1,3
1283,2012-11-13,3,5,25,26,29,30,31,4,2,2,0,4,0,0
1284,2012-11-11,9,26,28,35,45,47,25,4,2,1,0,2,1,2
1285,2012-11-08,15,26,31,37,44,47,43,4,2,0,1,1,2,2
1286,2012-11-06,1,6,8,28,37,39,42,3,3,3,0,1,2,0
1287,2012-11-03,1,12,33,36,46,48,41,2,4,1,1,0,2,2
1288,2012-11-01,15,18,24,28,34,42,2,1,5,0,2,2,1,1
1289,2012-10-30,1,20,28,30,34,40,19,1,5,1,1,2,2,0
1290,2012-10-27,26,28,30,34,36,39,1,1,5,0,0,3,3,0
1291,2012-10-25,8,17,23,40,41,43,28,4,2,1,1,1,1,2
1292,2012-10-23,11,28,29,41,45,47,21,5,1,0,1,2,0,3
1293,2012-10-20,4,19,31,34,37,44,6,3,3,1,1,0,3,1
1294,2012-10-18,4,6,10,14,16,29,26,1,5,3,2,1,0,0
1295,2012-10-16,9,17,27,35,39,44,40,5,1,1,1,1,2,1
1296,2012-10-13,5,6,11,26,33,41,4,4,2,2,1,1,1,1
1297,2012-10-11,1,3,11,18,40,46,35,3,3,2,2,0,1,1
1298,2012-10-09,15,17,21,22,27,36,16,4,2,0,2,3,1,0
1299,2012-10-07,1,10,12,13,29,47,9,4,2,2,2,1,0,1
1300,2012-10-02,12,24,25,33,37,44,13,3,3,0,1,2,2,1
1301,2012-09-29,2,8,16,17,20,26,32,1,5,2,3,1,0,0
1302,2012-09-27,1,3,10,15,17,40,28,4,2,3,2,0,1,0
1303,2012-09-25,1,4,17,20,28,32,47,2,4,2,2,1,1,0
1304,2012-09-22,2,13,33,35,38,49,40,4,2,1,1,0,3,1
1305,2012-09-18,15,26,27,38,42,43,39,3,3,0,1,2,1,2
1306,2012-09-15,6,7,18,21,27,48,42,3,3,2,1,2,0,1
1307,2012-09-13,16,20,22,31,42,48,43,1,5,0,2,1,1,2
1308,2012-09-11,4,11,25,27,39,41,43,5,1,1,1,2,1,1
1309,2012-09-09,4,7,12,15,27,34,37,3,3,2,2,1,1,0
1310,2012-09-06,6,13,33,38,41,43,29,4,2,1,1,0,2,2
1311,2012-09-04,20,24,34,36,43,45,3,2,4,0,1,1,2,2
1312,2012-09-01,9,12,15,19,21,47,38,5,1,1,3,1,0,1
1313,2012-08-30,7,11,15,21,26,34,38,4,2,1,2,2,1,0
1314,2012-08-28,7,17,24,29,47,49,45,5,1,1,1,2,0,2
1315,2012-08-25,3,7,21,22,38,47,27,4,2,2,0,2,1,1
1316,2012-08-23,13,15,25,28,45,47,5,5,1,0,2,2,0,2
1317,2012-08-21,1,7,12,17,36,38,48,3,3,2,2,0,2,0
1318,2012-08-18,7,10,22,32,34,48,45,1,5,2,0,1,2,1
1319,2012-08-16,5,6,13,19,23,34,8,4,2,2,2,1,1,0
1320,2012-08-14,2,13,16,34,37,47,28,3,3,1,2,0,2,1
1321,2012-08-11,5,11,12,31,41,42,16,4,2,1,2,0,1,2
1322,2012-08-09,10,13,20,22,42,46,48,1,5,1,2,1,0,2
1323,2012-08-07,2,9,13,40,44,46,10,2,4,2,1,0,1,2
1324,2012-08-04,8,15,20,41,42,49,12,3,3,1,2,0,0,3
1325,2012-08-02,9,11,12,22,28,49,7,3,3,1,2,2,0,1
1326,2012-07-31,2,10,16,23,35,47,1,3,3,2,1,1,1,1
1327,2012-07-28,18,25,38,40,44,45,5,2,4,0,1,1,2,2
1328,2012-07-26,9,11,13,22,24,44,32,3,3,1,2,2,0,1
1329,2012-07-24,10,11,15,22,23,45,31,4,2,1,2,2,0,1
1330,2012-07-21,7,19,23,30,34,45,13,4,2,1,1,2,1,1
1331,2012-07-19,9,20,30,34,35,46,29,2,4,1,1,1,2,1
1332,2012-07-17,8,11,17,24,30,49,3,3,3,1,2,2,0,1
1333,2012-07-14,2,6,16,24,41,46,27,1,5,2,1,1,0,2
1334,2012-07-12,2,13,33,39,40,44,43,3,3,1,1,0,3,1
1335,2012-07-10,4,7,13,28,36,49,3,3,3,2,1,1,1,1
1336,2012-07-07,1,4,5,22,44,46,37,2,4,3,0,1,0,2
1337,2012-07-05,2,3,11,24,26,27,44,3,3,2,1,3,0,0
1338,2012-07-03,6,10,12,14,31,38,20,1,5,2,2,0,2,0
1339,2012-06-30,10,13,28,32,37,41,1,3,3,1,1,1,2,1
1340,2012-06-28,3,6,14,19,27,36,24,3,3,2,2,1,1,0
1341,2012-06-26,6,19,26,28,37,49,47,3,3,1,1,2,1,1
1342,2012-06-23,9,14,17,34,40,48,39,2,4,1,2,0,2,1
1343,2012-06-21,2,5,8,13,17,35,28,4,2,3,2,0,1,0
1344,2012-06-19,10,13,26,40,42,48,24,1,5,1,1,1,1,2
1345,2012-06-16,2,4,6,7,13,29,9,3,3,4,1,1,0,0
1346,2012-06-12,7,14,16,25,30,36,32,2,4,1,2,2,1,0
1347,2012-06-10,8,15,18,37,39,44,6,3,3,1,2,0,2,1
1348,2012-06-07,4,17,20,29,39,48,9,3,3,1,2,1,1,1
1349,2012-06-05,10,21,26,34,35,43,37,3,3,1,0,2,2,1
1350,2012-06-02,9,14,19,20,43,47,37,4,2,1,3,0,0,2
1351,2012-05-31,4,9,24,31,39,47,38,4,2,2,0,1,2,1
1352,2012-05-29,8,18,20,22,31,37,46,2,4,1,2,1,2,0
1353,2012-05-26,9,10,20,22,38,49,7,2,4,2,1,1,1,1
1354,2012-05-24,2,5,8,29,40,47,34,3,3,3,0,1,1,1
1355,2012-05-22,1,8,22,26,32,37,41,2,4,2,0,2,2,0
1356,2012-05-20,3,17,23,26,41,47,33,5,1,1,1,2,0,2
1357,2012-05-17,1,10,15,21,27,37,40,5,1,2,1,2,1,0
1358,2012-05-15,5,14,16,22,23,33,32,3,3,1,2,2,1,0
1359,2012-05-13,16,21,30,34,39,45,4,3,3,0,1,2,2,1
1360,2012-05-10,13,17,23,32,34,46,41,3,3,0,2,1,2,1
1361,2012-05-08,4,9,10,17,33,34,35,3,3,3,1,0,2,0
1362,2012-05-05,4,11,17,29,39,49,8,5,1,1,2,1,1,1
1363,2012-05-03,2,20,28,46,47,49,3,2,4,1,1,1,0,3
1364,2012-05-01,5,17,19,26,32,33,22,4,2,1,2,1,2,0
1365,2012-04-28,11,17,19,20,29,32,38,4,2,0,4,1,1,0
1366,2012-04-26,7,10,11,17,22,30,14,3,3,2,2,2,0,0
1367,2012-04-24,1,17,28,29,31,34,45,4,2,1,1,2,2,0
1368,2012-04-22,1,3,11,21,41,42,2,5,1,2,1,1,0,2
1369,2012-04-19,5,12,13,20,37,41,23,4,2,1,3,0,1,1
1370,2012-04-17,6,7,17,19,35,46,4,4,2,2,2,0,1,1
1371,2012-04-14,3,15,19,20,32,40,25,3,3,1,3,0,2,0
1372,2012-04-12,2,11,16,17,25,28,41,3,3,1,3,2,0,0
1373,2012-04-10,4,11,16,26,42,47,6,2,4,1,2,1,0,2
1374,2012-04-07,3,14,22,24,34,49,44,2,4,1,1,2,1,1
1375,2012-04-05,13,15,17,18,41,45,14,5,1,0,4,0,0,2
1376,2012-04-03,20,21,28,44,46,47,42,2,4,0,1,2,0,3
1377,2012-03-31,11,19,30,33,37,44,18,4,2,0,2,1,2,1
1378,2012-03-29,10,16,21,28,29,31,8,3,3,1,1,3,1,0
1379,2012-03-27,2,7,17,25,30,43,38,4,2,2,1,2,0,1
1380,2012-03-24,3,23,32,35,43,49,34,5,1,1,0,1,2,2
1381,2012-03-22,2,35,38,47,48,49,41,3,3,1,0,0,2,3
1382,2012-03-20,11,13,18,29,44,46,37,3,3,0,3,1,0,2
1383,2012-03-17,4,6,13,18,23,45,15,3,3,2,2,1,0,1
1384,2012-03-15,4,28,31,34,48,49,6,2,4,1,0,1,2,2
1385,2012-03-13,7,8,26,43,47,48,12,3,3,2,0,1,0,3
1386,2012-03-11,10,23,33,39,42,48,34,3,3,1,0,1,2,2
1387,2012-03-08,3,5,9,17,35,36,43,5,1,3,1,0,2,0
1388,2012-03-06,3,7,28,31,33,36,32,4,2,2,0,1,3,0
1389,2012-03-03,1,3,4,8,21,28,5,3,3,4,0,2,0,0
1390,2012-03-01,25,30,31,34,40,47,13,3,3,0,0,2,3,1
1391,2012-02-28,8,9,24,28,37,49,47,3,3,2,0,2,1,1
1392,2012-02-25,12,14,24,26,27,49,22,2,4,0,2,3,0,1
1393,2012-02-23,1,5,15,22,43,47,37,5,1,2,1,1,0,2
1394,2012-02-21,1,11,12,15,35,49,17,5,1,1,3,0,1,1
1395,2012-02-18,5,12,16,17,41,46,15,3,3,1,3,0,0,2
1396,2012-02-16,4,12,18,25,42,44,8,1,5,1,2,1,0,2
1397,2012-02-14,10,14,21,37,39,49,25,4,2,1,1,1,2,1
1398,2012-02-12,7,9,33,34,39,41,48,5,1,2,0,0,3,1
1399,2012-02-09,3,12,20,33,34,41,43,3,3,1,2,0,2,1
1400,2012-02-07,11,16,30,34,41,45,47,3,3,0,2,1,1,2
1401,2012-02-04,6,12,16,20,27,38,7,1,5,1,3,1,1,0
1402,2012-02-02,14,20,21,38,45,46,47,2,4,0,2,1,1,2
1403,2012-01-31,22,27,28,29,42,46,49,2,4,0,0,4,0,2
1404,2012-01-26,3,10,11,17,29,34,15,4,2,2,2,1,1,0
1405,2012-01-22,10,14,18,20,34,47,41,1,5,1,3,0,1,1
1406,2012-01-19,1,2,14,18,25,39,31,3,3,2,2,1,1,0
1407,2012-01-17,16,23,24,35,36,44,1,2,4,0,1,2,2,1
1408,2012-01-14,10,13,20,24,29,36,14,2,4,1,2,2,1,0
1409,2012-01-12,15,27,32,36,44,48,47,2,4,0,1,1,2,2
1410,2012-01-10,3,20,26,31,32,35,12,3,3,1,1,1,3,0
1411,2012-01-07,3,7,10,31,32,35,30,4,2,3,0,0,3,0
1412,2012-01-05,9,11,33,43,46,48,2,4,2,1,1,0,1,3
1413,2012-01-03,5,12,31,34,37,45,10,4,2,1,1,0,3,1
1414,2011-12-31,2,3,27,40,44,49,38,3,3,2,0,1,1,2
1415,2011-12-29,7,10,21,23,29,39,1,5,1,2,0,3,1,0
1416,2011-12-26,8,30,31,37,38,48,5,2,4,1,0,1,3,1
1417,2011-12-24,1,4,17,24,27,43,41,4,2,2,1,2,0,1
1418,2011-12-22,5,16,18,28,37,49,24,3,3,1,2,1,1,1
1419,2011-12-20,26,29,31,37,43,49,2,5,1,0,0,2,2,2
1420,2011-12-18,1,2,23,35,38,46,5,3,3,2,0,1,2,1
1421,2011-12-15,9,21,29,34,43,47,32,5,1,1,0,2,1,2
1422,2011-12-13,3,25,32,36,38,40,31,2,4,1,0,1,4,0
1423,2011-12-10,3,14,21,25,27,42,34,4,2,1,1,3,0,1
1424,2011-12-08,5,20,22,28,36,48,1,1,5,1,1,2,1,1
1425,2011-12-06,1,2,5,6,11,43,25,4,2,4,1,0,0,1
1426,2011-12-03,2,3,9,18,23,37,31,4,2,3,1,1,1,0
1427,2011-12-01,1,3,8,22,28,33,5,3,3,3,0,2,1,0
1428,2011-11-29,3,6,13,37,40,42,29,3,3,2,1,0,2,1
1429,2011-11-26,4,22,33,39,42,47,14,3,3,1,0,1,2,2
1430,2011-11-24,3,5,19,35,38,41,32,5,1,2,1,0,2,1
1431,2011-11-22,7,21,24,31,43,47,5,5,1,1,0,2,1,2
1432,2011-11-19,10,12,13,14,22,47,21,2,4,1,3,1,0,1
1433,2011-11-17,3,6,23,24,42,44,35,2,4,2,0,2,0,2
1434,2011-11-15,7,11,14,25,26,30,29,3,3,1,2,3,0,0
1435,2011-11-12,10,17,29,33,42,48,35,3,3,1,1,1,1,2
1436,2011-11-10,4,7,9,20,37,49,33,4,2,3,1,0,1,1
1437,2011-11-08,2,23,30,34,40,42,48,1,5,1,0,2,2,1
1438,2011-11-06,1,3,7,11,16,34,49,4,2,3,2,0,1,0
1439,2011-11-03,1,3,21,34,41,44,43,4,2,2,0,1,1,2
1440,2011-11-01,8,15,19,21,24,44,10,3,3,1,2,2,0,1
1441,2011-10-29,5,12,15,17,18,39,47,4,2,1,4,0,1,0
1442,2011-10-27,1,9,22,43,46,48,49,3,3,2,0,1,0,3
1443,2011-10-25,17,22,26,27,29,35,44,4,2,0,1,4,1,0
1444,2011-10-22,1,11,18,20,26,30,47,2,4,1,3,2,0,0
1445,2011-10-20,2,16,23,32,34,35,40,2,4,1,1,1,3,0
1446,2011-10-18,4,9,23,37,47,48,14,4,2,2,0,1,1,2
1447,2011-10-15,11,24,28,37,41,43,13,4,2,0,1,2,1,2
1448,2011-10-13,2,8,28,30,33,40,23,1,5,2,0,2,2,0
1449,2011-10-11,2,6,22,25,33,39,46,3,3,2,0,2,2,0
1450,2011-10-08,4,8,24,26,37,41,33,2,4,2,0,2,1,1
1451,2011-10-04,1,4,9,15,37,39,47,5,1,3,1,0,2,0
1452,2011-10-02,9,14,22,37,41,45,5,4,2,1,1,1,1,2
1453,2011-09-27,4,22,23,37,40,49,13,3,3,1,0,2,2,1
1454,2011-09-24,6,16,18,28,34,40,38,0,6,1,2,1,2,0
1455,2011-09-22,8,10,19,27,39,44,6,3,3,2,1,1,1,1
1456,2011-09-20,10,27,33,40,47,48,13,3,3,1,0,1,2,2
1457,2011-09-17,6,12,14,25,35,43,42,3,3,1,2,1,1,1
1458,2011-09-15,5,7,13,29,41,49,25,6,0,2,1,1,0,2
1459,2011-09-13,11,13,16,19,28,46,22,3,3,0,4,1,0,1
1460,2011-09-10,15,19,36,44,45,49,16,4,2,0,2,0,1,3
1461,2011-09-08,14,18,22,30,39,44,32,1,5,0,2,2,1,1
1462,2011-09-06,1,4,7,21,23,44,17,4,2,3,0,2,0,1
1463,2011-09-04,4,18,21,22,39,46,29,2,4,1,1,2,1,1
1464,2011-09-02,2,29,33,34,44,49,42,3,3,1,0,1,2,2
1465,2011-08-30,9,15,24,46,48,49,6,3,3,1,1,1,0,3
1466,2011-08-27,9,10,19,27,29,45,30,5,1,2,1,2,0,1
1467,2011-08-25,6,10,17,20,25,28,2,2,4,2,2,2,0,0
1468,2011-08-23,11,24,25,36,41,45,40,4,2,0,1,2,1,2
1469,2011-08-20,13,15,17,23,26,47,1,5,1,0,3,2,0,1
1470,2011-08-18,5,14,17,43,45,49,12,5,1,1,2,0,0,3
1471,2011-08-16,5,8,9,10,22,38,7,2,4,4,0,1,1,0
1472,2011-08-13,11,18,23,31,37,49,10,5,1,0,2,1,2,1
1473,2011-08-11,4,6,7,25,35,37,48,4,2,3,0,1,2,0
1474,2011-08-09,5,6,11,25,45,48,34,4,2,2,1,1,0,2
1475,2011-08-06,9,30,31,34,42,45,24,3,3,1,0,1,2,2
1476,2011-08-04,2,11,25,32,34,39,31,3,3,1,1,1,3,0
1477,2011-08-02,11,14,21,24,25,47,36,4,2,0,2,3,0,1
1478,2011-07-30,6,29,44,45,46,47,30,3,3,1,0,1,0,4
1479,2011-07-28,11,21,30,36,42,47,34,3,3,0,1,2,1,2
1480,2011-07-26,15,25,26,34,35,41,10,4,2,0,1,2,2,1
1481,2011-07-24,7,8,27,29,37,48,21,4,2,2,0,2,1,1
1482,2011-07-21,6,18,26,28,30,49,22,1,5,1,1,3,0,1
1483,2011-07-19,3,10,31,40,41,43,20,4,2,2,0,0,2,2
1484,2011-07-16,11,17,20,31,48,49,35,4,2,0,3,0,1,2
1485,2011-07-14,11,13,33,37,45,48,36,5,1,0,2,0,2,2
1486,2011-07-12,16,18,28,33,41,45,29,3,3,0,2,1,1,2
1487,2011-07-09,1,10,11,13,42,48,15,3,3,2,2,0,0,2
1488,2011-07-07,10,14,29,35,40,46,30,2,4,1,1,1,2,1
1489,2011-07-05,9,16,22,28,30,32,37,1,5,1,1,3,1,0
1490,2011-07-02,5,13,31,33,34,35,27,5,1,1,1,0,4,0
1491,2011-06-30,10,20,40,46,48,49,13,1,5,1,1,0,1,3
1492,2011-06-28,4,15,17,43,45,47,38,5,1,1,2,0,0,3
1493,2011-06-25,4,23,24,30,34,45,19,2,4,1,0,3,1,1
1494,2011-06-23,2,15,27,32,43,49,42,4,2,1,1,1,1,2
1495,2011-06-21,9,10,16,21,32,47,38,3,3,2,1,1,1,1
1496,2011-06-18,14,16,38,44,48,49,39,1,5,0,2,0,1,3
1497,2011-06-16,4,12,26,44,47,48,2,1,5,1,1,1,0,3
1498,2011-06-14,12,13,19,22,39,48,46,3,3,0,3,1,1,1
1499,2011-06-12,1,4,13,17,35,44,22,4,2,2,2,0,1,1
1500,2011-06-09,3,5,6,15,39,42,35,4,2,3,1,0,1,1
1501,2011-06-07,22,24,33,36,42,49,38,2,4,0,0,2,2,2
1502,2011-06-04,7,8,33,36,46,49,18,3,3,2,0,0,2,2
1503,2011-06-02,2,7,18,23,39,47,17,4,2,2,1,1,1,1
1504,2011-05-31,1,4,10,24,30,39,8,2,4,3,0,2,1,0
1505,2011-05-28,7,13,34,38,43,44,10,3,3,1,1,0,2,2
1506,2011-05-26,5,6,22,37,44,48,23,2,4,2,0,1,1,2
1507,2011-05-24,11,20,31,33,39,48,4,4,2,0,2,0,3,1
1508,2011-05-22,15,17,22,36,45,47,35,4,2,0,2,1,1,2
1509,2011-05-20,13,15,18,30,32,48,8,2,4,0,3,1,1,1
1510,2011-05-17,12,14,27,35,46,49,31,3,3,0,2,1,1,2
1511,2011-05-14,4,10,15,22,33,35,48,3,3,2,1,1,2,0
1512,2011-05-12,4,9,25,28,39,45,30,4,2,2,0,2,1,1
1513,2011-05-08,10,14,26,29,39,41,6,3,3,1,1,2,1,1
1514,2011-05-05,5,6,15,20,32,48,22,2,4,2,2,0,1,1
1515,2011-05-03,2,3,13,23,34,38,5,3,3,2,1,1,2,0
1516,2011-04-30,9,10,23,29,30,34,36,3,3,2,0,3,1,0
1517,2011-04-28,1,6,15,30,33,49,3,4,2,2,1,1,1,1
1518,2011-04-26,11,15,25,29,30,49,47,5,1,0,2,3,0,1
1519,2011-04-23,2,4,26,30,31,43,38,2,4,2,0,2,1,1
1520,2011-04-21,1,6,9,10,22,26,35,2,4,4,0,2,0,0
1521,2011-04-19,1,8,18,20,22,46,28,1,5,2,2,1,0,1
1522,2011-04-16,1,16,17,26,31,36,45,3,3,1,2,1,2,0
1523,2011-04-14,12,14,23,32,37,39,28,3,3,0,2,1,3,0
1524,2011-04-12,2,4,9,12,21,31,10,3,3,3,1,1,1,0
1525,2011-04-10,6,10,24,34,37,47,12,2,4,2,0,1,2,1
1526,2011-04-07,1,5,21,26,31,43,22,5,1,2,0,2,1,1
1527,2011-04-05,8,10,26,29,41,44,9,2,4,2,0,2,0,2
1528,2011-04-02,3,12,15,31,36,49,11,4,2,1,2,0,2,1
1529,2011-03-31,6,23,24,38,39,40,32,2,4,1,0,2,3,0
1530,2011-03-29,1,2,9,20,24,49,43,3,3,3,1,1,0,1
1531,2011-03-26,2,12,20,25,31,47,29,3,3,1,2,1,1,1
1532,2011-03-24,10,16,17,38,42,43,13,2,4,1,2,0,1,2
1533,2011-03-22,18,24,26,34,38,45,15,1,5,0,1,2,2,1
1534,2011-03-19,8,12,24,31,33,41,20,3,3,1,1,1,2,1
1535,2011-03-17,4,5,23,31,39,48,20,4,2,2,0,1,2,1
1536,2011-03-15,4,11,15,16,35,42,9,3,3,1,3,0,1,1
1537,2011-03-13,6,14,26,27,30,43,21,2,4,1,1,3,0,1
1538,2011-03-10,2,6,21,45,46,49,28,3,3,2,0,1,0,3
1539,2011-03-08,4,15,23,33,37,47,22,5,1,1,1,1,2,1
1540,2011-03-05,2,7,16,25,29,34,10,3,3,2,1,2,1,0
1541,2011-03-03,8,9,13,17,33,49,30,5,1,2,2,0,1,1
1542,2011-03-01,4,25,30,41,43,45,29,4,2,1,0,2,0,3
1543,2011-02-26,1,24,28,33,37,47,49,4,2,1,0,2,2,1
1544,2011-02-24,7,26,27,29,30,41,44,4,2,1,0,4,0,1
1545,2011-02-22,3,8,21,22,28,48,5,2,4,2,0,3,0,1
1546,2011-02-19,13,16,18,23,34,42,40,2,4,0,3,1,1,1
1547,2011-02-17,9,24,25,30,35,37,45,4,2,1,0,3,2,0
1548,2011-02-15,16,17,18,27,38,41,30,3,3,0,3,1,1,1
1549,2011-02-13,10,13,20,24,37,47,16,3,3,1,2,1,1,1
1550,2011-02-10,2,3,9,18,20,36,12,2,4,3,2,0,1,0
1551,2011-02-08,11,21,27,28,32,34,17,3,3,0,1,3,2,0
1552,2011-02-06,1,2,16,27,31,47,19,4,2,2,1,1,1,1
1553,2011-02-03,6,8,10,28,36,37,21,1,5,3,0,1,2,0
1554,2011-02-01,1,8,22,32,46,48,9,1,5,2,0,1,1,2
1555,2011-01-29,5,8,9,10,29,49,46,4,2,4,0,1,0,1
1556,2011-01-27,1,6,14,25,29,35,48,4,2,2,1,2,1,0
1557,2011-01-25,9,14,16,17,21,26,20,3,3,1,3,2,0,0
1558,2011-01-22,1,15,30,39,45,49,37,5,1,1,1,1,1,2
1559,2011-01-20,5,21,28,30,37,42,48,3,3,1,0,3,1,1
1560,2011-01-18,9,15,21,31,33,41,37,6,0,1,1,1,2,1
1561,2011-01-15,13,18,29,31,32,46,2,3,3,0,2,1,2,1
1562,2011-01-13,17,19,25,36,40,44,10,3,3,0,2,1,2,1
1563,2011-01-11,1,2,29,37,42,48,38,3,3,2,0,1,1,2
1564,2011-01-08,10,12,18,21,27,33,4,3,3,1,2,2,1,0
1565,2011-01-06,4,7,14,15,19,26,43,3,3,2,3,1,0,0
1566,2011-01-04,4,9,16,20,38,39,40,2,4,2,2,0,2,0
1567,2011-01-02,1,13,20,24,37,39,3,4,2,1,2,1,2,0
1568,2010-12-30,4,13,18,20,36,39,12,2,4,1,3,0,2,0
1569,2010-12-28,8,23,28,31,36,37,12,3,3,1,0,2,3,0
1570,2010-12-25,1,2,4,13,43,48,11,3,3,3,1,0,0,2
1571,2010-12-22,3,4,15,24,35,41,36,4,2,2,1,1,1,1
1572,2010-12-20,4,5,12,16,18,41,7,2,4,2,3,0,0,1
1573,2010-12-18,15,19,34,39,44,45,23,4,2,0,2,0,2,2
1574,2010-12-16,12,13,18,19,27,29,10,4,2,0,4,2,0,0
1575,2010-12-14,3,7,28,29,38,48,40,3,3,2,0,2,1,1
1576,2010-12-11,15,18,22,24,27,30,10,2,4,0,2,4,0,0
1577,2010-12-09,4,10,20,25,33,36,37,2,4,2,1,1,2,0
1578,2010-12-07,12,13,18,20,28,48,14,1,5,0,4,1,0,1
1579,2010-12-05,9,10,20,42,46,47,27,2,4,2,1,0,0,3
1580,2010-12-02,6,11,17,31,40,41,34,4,2,1,2,0,2,1
1581,2010-11-30,3,14,16,19,45,48,9,3,3,1,3,0,0,2
1582,2010-11-27,13,17,25,26,43,44,42,4,2,0,2,2,0,2
1583,2010-11-25,17,22,28,31,39,45,8,4,2,0,1,2,2,1
1584,2010-11-23,1,10,11,24,30,49,35,3,3,2,1,2,0,1
1585,2010-11-20,3,6,9,29,30,33,14,4,2,3,0,2,1,0
1586,2010-11-18,6,20,30,33,39,47,23,3,3,1,1,1,2,1
1587,2010-11-16,3,12,20,39,46,49,19,3,3,1,2,0,1,2
1588,2010-11-13,7,18,21,28,47,48,35,3,3,1,1,2,0,2
1589,2010-11-11,5,6,15,28,29,43,48,4,2,2,1,2,0,1
1590,2010-11-09,4,15,41,43,45,49,18,5,1,1,1,0,0,4
1591,2010-11-04,5,9,25,27,33,44,17,5,1,2,0,2,1,1
1592,2010-11-02,5,17,24,25,36,45,15,4,2,1,1,2,1,1
1593,2010-10-30,7,8,12,24,30,49,27,2,4,2,1,2,0,1
1594,2010-10-28,8,9,17,31,36,47,46,4,2,2,1,0,2,1
1595,2010-10-26,3,8,14,20,33,41,32,3,3,2,2,0,1,1
1596,2010-10-23,1,28,33,41,42,45,8,4,2,1,0,1,1,3
1597,2010-10-21,4,9,23,35,46,49,18,4,2,2,0,1,1,2
1598,2010-10-19,2,20,29,38,39,43,37,3,3,1,1,1,2,1
1599,2010-10-16,1,29,30,44,45,49,41,4,2,1,0,2,0,3
1600,2010-10-14,4,7,10,26,42,47,13,2,4,3,0,1,0,2
1601,2010-10-12,9,13,21,24,38,46,27,3,3,1,1,2,1,1
1602,2010-10-09,22,37,41,42,44,45,27,3,3,0,0,1,1,4
1603,2010-10-07,14,15,21,22,32,40,2,2,4,0,2,2,2,0
1604,2010-10-05,5,6,8,16,29,31,12,3,3,3,1,1,1,0
1605,2010-10-02,7,16,17,21,27,36,6,4,2,1,2,2,1,0
1606,2010-09-30,9,18,21,22,26,29,27,3,3,1,1,4,0,0
1607,2010-09-28,7,30,31,42,45,49,46,4,2,1,0,1,1,3
1608,2010-09-25,16,23,30,37,39,43,5,4,2,0,1,2,2,1
1609,2010-09-21,10,13,23,35,36,48,47,3,3,1,1,1,2,1
1610,2010-09-19,12,17,19,26,33,40,25,3,3,0,3,1,2,0
1611,2010-09-16,5,8,31,46,47,49,34,4,2,2,0,0,1,3
1612,2010-09-14,3,4,7,22,30,39,6,3,3,3,0,2,1,0
1613,2010-09-11,10,20,24,35,36,39,12,2,4,1,1,1,3,0
1614,2010-09-09,2,4,19,34,37,41,5,3,3,2,1,0,2,1
1615,2010-09-07,2,3,16,42,43,45,27,3,3,2,1,0,0,3
1616,2010-09-04,17,19,25,34,43,45,47,5,1,0,2,1,1,2
1617,2010-09-02,3,7,11,20,23,48,38,4,2,2,2,1,0,1
1618,2010-08-30,6,16,39,40,46,49,41,2,4,1,1,0,2,2
1619,2010-08-28,1,3,6,7,36,49,42,4,2,4,0,0,1,1
1620,2010-08-26,1,7,9,10,36,44,37,3,3,4,0,0,1,1
1621,2010-08-24,6,9,11,16,25,37,45,4,2,2,2,1,1,0
1622,2010-08-21,18,21,34,37,40,49,28,3,3,0,1,1,3,1
1623,2010-08-19,8,12,30,43,46,48,35,1,5,1,1,1,0,3
1624,2010-08-17,2,5,8,22,25,35,16,3,3,3,0,2,1,0
1625,2010-08-14,6,12,17,34,38,46,43,1,5,1,2,0,2,1
1626,2010-08-12,6,17,29,33,42,48,34,3,3,1,1,1,1,2
1627,2010-08-10,5,8,12,20,30,39,23,2,4,2,2,1,1,0
1628,2010-08-07,3,18,34,41,45,46,37,3,3,1,1,0,1,3
1629,2010-08-05,8,30,42,46,48,49,7,1,5,1,0,1,0,4
1630,2010-08-03,9,17,26,31,35,36,42,4,2,1,1,1,3,0
1631,2010-07-31,12,28,29,33,35,37,22,4,2,0,1,2,3,0
1632,2010-07-29,12,13,38,41,44,49,22,3,3,0,2,0,1,3
1633,2010-07-27,4,17,23,28,43,46,22,3,3,1,1,2,0,2
1634,2010-07-24,6,15,22,25,33,42,24,3,3,1,1,2,1,1
1635,2010-07-20,5,13,26,29,40,47,42,4,2,1,1,2,1,1
1636,2010-07-17,7,12,30,34,40,48,33,1,5,1,1,1,2,1
1637,2010-07-15,2,10,16,18,41,44,31,1,5,2,2,0,0,2
1638,2010-07-13,2,3,5,25,43,48,24,4,2,3,0,1,0,2
1639,2010-07-10,2,22,25,27,35,42,13,3,3,1,0,3,1,1
1640,2010-07-08,4,16,40,43,46,47,27,2,4,1,1,0,1,3
1641,2010-07-06,14,17,21,29,42,46,49,3,3,0,2,2,0,2
1642,2010-07-03,2,13,14,21,45,49,19,4,2,1,2,1,0,2
1643,2010-06-29,8,11,21,38,41,48,49,3,3,1,1,1,1,2
1644,2010-06-26,7,13,15,20,21,41,2,5,1,1,3,1,0,1
1645,2010-06-24,5,23,26,31,34,49,24,4,2,1,0,2,2,1
1646,2010-06-22,2,4,9,20,35,40,44,2,4,3,1,0,2,0
1647,2010-06-19,2,8,12,13,27,35,37,3,3,2,2,1,1,0
1648,2010-06-17,5,11,15,42,45,48,14,4,2,1,2,0,0,3
1649,2010-06-15,5,10,18,21,35,49,11,4,2,2,1,1,1,1
1650,2010-06-13,2,11,19,20,21,40,43,3,3,1,3,1,1,0
1651,2010-06-10,8,26,32,35,36,49,24,2,4,1,0,1,3,1
1652,2010-06-08,7,8,12,21,23,47,10,4,2,2,1,2,0,1
1653,2010-06-05,9,15,30,37,38,40,1,3,3,1,1,1,3,0
1654,2010-06-03,5,16,19,26,42,44,6,2,4,1,2,1,0,2
1655,2010-06-01,7,11,13,24,28,46,26,3,3,1,2,2,0,1
1656,2010-05-29,4,16,25,26,33,42,30,2,4,1,1,2,1,1
1657,2010-05-27,9,22,28,32,33,49,18,3,3,1,0,2,2,1
1658,2010-05-25,14,18,30,40,43,46,27,1,5,0,2,1,1,2
1659,2010-05-22,12,17,18,26,29,33,41,3,3,0,3,2,1,0
1660,2010-05-20,4,10,11,15,22,37,49,3,3,2,2,1,1,0
1661,2010-05-18,4,7,12,20,39,48,14,2,4,2,2,0,1,1
1662,2010-05-15,1,29,32,39,44,47,17,4,2,1,0,1,2,2
1663,2010-05-13,16,22,31,37,39,49,32,4,2,0,1,1,3,1
1664,2010-05-11,15,26,29,34,35,40,9,3,3,0,1,2,3,0
1665,2010-05-09,1,5,8,21,27,34,20,4,2,3,0,2,1,0
1666,2010-05-06,2,31,37,38,39,40,44,3,3,1,0,0,5,0
1667,2010-05-04,19,24,34,40,41,46,15,2,4,0,1,1,2,2
1668,2010-05-02,7,16,26,28,41,44,24,2,4,1,1,2,0,2
1669,2010-04-29,5,7,24,26,41,49,3,4,2,2,0,2,0,2
1670,2010-04-27,3,13,18,21,22,33,8,4,2,1,2,2,1,0
1671,2010-04-24,5,12,16,23,29,39,11,4,2,1,2,2,1,0
1672,2010-04-22,1,16,23,29,39,46,17,4,2,1,1,2,1,1
1673,2010-04-20,6,17,25,27,35,40,32,4,2,1,1,2,2,0
1674,2010-04-17,1,2,24,38,42,49,19,2,4,2,0,1,1,2
1675,2010-04-15,19,21,30,35,36,37,33,4,2,0,1,2,3,0
1676,2010-04-13,31,32,33,37,42,46,17,3,3,0,0,0,4,2
1677,2010-04-11,2,7,20,36,38,41,40,2,4,2,1,0,2,1
1678,2010-04-08,3,5,25,30,33,37,35,5,1,2,0,2,2,0
1679,2010-04-06,11,20,25,35,42,45,8,4,2,0,2,1,1,2
1680,2010-04-03,11,23,35,37,40,43,30,5,1,0,1,1,3,1
1681,2010-04-01,20,21,23,31,42,43,41,4,2,0,1,2,1,2
1682,2010-03-30,2,22,29,31,40,48,20,2,4,1,0,2,2,1
1683,2010-03-27,1,3,8,22,36,44,29,2,4,3,0,1,1,1
1684,2010-03-25,14,16,29,44,45,47,42,3,3,0,2,1,0,3
1685,2010-03-23,7,11,22,27,32,46,17,3,3,1,1,2,1,1
1686,2010-03-20,8,12,29,33,39,45,36,4,2,1,1,1,2,1
1687,2010-03-18,4,19,30,37,39,41,31,4,2,1,1,1,2,1
1688,2010-03-16,4,16,28,37,38,47,30,2,4,1,1,1,2,1
1689,2010-03-13,1,4,14,18,22,39,48,2,4,2,2,1,1,0
1690,2010-03-11,10,14,35,40,43,48,21,2,4,1,1,0,2,2
1691,2010-03-09,9,13,14,17,28,45,20,4,2,1,3,1,0,1
1692,2010-03-07,3,12,26,28,31,46,16,2,4,1,1,2,1,1
1693,2010-03-04,10,11,24,33,34,38,16,2,4,1,1,1,3,0
1694,2010-03-02,1,6,10,21,28,35,46,3,3,3,0,2,1,0
1695,2010-02-27,16,17,18,22,25,36,47,2,4,0,3,2,1,0
1696,2010-02-25,11,20,31,37,44,47,46,4,2,0,2,0,2,2
1697,2010-02-23,8,19,43,44,48,49,46,3,3,1,1,0,0,4
1698,2010-02-20,3,4,11,15,32,45,1,4,2,2,2,0,1,1
1699,2010-02-18,4,5,7,11,28,32,3,3,3,3,1,1,1,0
1700,2010-02-15,1,7,17,20,29,49,19,5,1,2,2,1,0,1
1701,2010-02-13,5,21,26,27,28,29,44,4,2,1,0,5,0,0
1702,2010-02-11,21,24,27,32,35,36,16,3,3,0,0,3,3,0
1703,2010-02-09,4,8,10,13,14,49,7,2,4,3,2,0,0,1
1704,2010-02-06,1,5,13,16,24,41,14,4,2,2,2,1,0,1
1705,2010-02-04,9,20,25,36,42,47,13,3,3,1,1,1,1,2
1706,2010-02-02,1,10,13,14,38,39,41,3,3,2,2,0,2,0
1707,2010-01-30,2,4,6,30,32,34,40,0,6,3,0,1,2,0
1708,2010-01-28,3,9,15,32,43,46,28,4,2,2,1,0,1,2
1709,2010-01-26,8,9,17,31,37,38,2,4,2,2,1,0,3,0
1710,2010-01-23,18,19,26,34,39,46,2,2,4,0,2,1,2,1
1711,2010-01-21,6,7,17,24,41,48,16,3,3,2,1,1,0,2
1712,2010-01-19,2,3,9,24,33,41,40,4,2,3,0,1,1,1
1713,2010-01-17,5,18,19,28,35,45,27,4,2,1,2,1,1,1
1714,2010-01-14,21,26,27,35,38,48,41,3,3,0,0,3,2,1
1715,2010-01-12,9,23,25,29,30,48,1,4,2,1,0,4,0,1
1716,2010-01-09,4,8,16,39,40,45,10,2,4,2,1,0,2,1
1717,2010-01-07,5,14,16,25,45,48,42,3,3,1,2,1,0,2
1718,2010-01-05,5,14,16,22,26,28,27,1,5,1,2,3,0,0
1719,2010-01-02,11,13,16,18,21,22,6,3,3,0,4,2,0,0
1720,2009-12-31,26,28,31,33,40,41,19,3,3,0,0,2,3,1
1721,2009-12-29,9,27,33,38,39,40,14,4,2,1,0,1,4,0
1722,2009-12-26,6,17,21,27,36,42,23,3,3,1,1,2,1,1
1723,2009-12-24,20,22,26,27,31,44,49,2,4,0,1,3,1,1
1724,2009-12-22,6,23,30,33,43,44,10,3,3,1,0,2,1,2
1725,2009-12-20,2,4,24,28,32,45,38,1,5,2,0,2,1,1
1726,2009-12-17,2,4,30,37,43,49,10,3,3,2,0,1,1,2
1727,2009-12-15,10,27,28,40,46,47,18,2,4,1,0,2,1,2
1728,2009-12-12,8,9,37,40,46,49,41,3,3,2,0,0,2,2
1729,2009-12-10,4,8,15,16,34,49,45,2,4,2,2,0,1,1
1730,2009-12-08,6,12,23,29,31,35,21,4,2,1,1,2,2,0
1731,2009-12-05,1,14,17,23,35,38,31,4,2,1,2,1,2,0
1732,2009-12-03,10,15,20,21,34,46,4,2,4,1,2,1,1,1
1733,2009-12-01,4,5,10,17,39,44,24,3,3,3,1,0,1,1
1734,2009-11-28,1,5,25,32,38,39,4,4,2,2,0,1,3,0
1735,2009-11-26,1,3,9,17,18,42,7,4,2,3,2,0,0,1
1736,2009-11-24,7,21,24,33,35,45,26,5,1,1,0,2,2,1
1737,2009-11-21,2,8,23,28,38,45,21,2,4,2,0,2,1,1
1738,2009-11-19,11,13,19,35,41,45,24,6,0,0,3,0,1,2
1739,2009-11-17,2,4,9,28,42,43,45,2,4,3,0,1,0,2
1740,2009-11-14,3,6,15,26,28,42,21,2,4,2,1,2,0,1
1741,2009-11-12,1,6,9,10,20,46,14,2,4,4,1,0,0,1
1742,2009-11-10,2,8,18,22,24,35,17,1,5,2,1,2,1,0
1743,2009-11-08,2,17,27,32,35,38,41,3,3,1,1,1,3,0
1744,2009-11-05,3,9,13,31,40,42,30,4,2,2,1,0,2,1
1745,2009-11-03,3,19,33,42,43,45,44,5,1,1,1,0,1,3
1746,2009-10-31,11,25,27,29,30,44,23,4,2,0,1,4,0,1
1747,2009-10-29,13,14,15,16,18,44,48,2,4,0,5,0,0,1
1748,2009-10-27,13,16,31,35,41,42,36,4,2,0,2,0,2,2
1749,2009-10-24,22,25,26,34,41,45,15,3,3,0,0,3,1,2
1750,2009-10-22,1,2,24,29,40,47,7,3,3,2,0,2,1,1
1751,2009-10-20,8,26,34,36,39,46,35,1,5,1,0,1,3,1
1752,2009-10-18,2,4,15,20,32,42,48,1,5,2,2,0,1,1
1753,2009-10-15,15,17,22,37,39,47,26,5,1,0,2,1,2,1
1754,2009-10-13,13,15,18,36,43,45,7,4,2,0,3,0,1,2
1755,2009-10-10,2,12,16,19,20,49,4,2,4,1,4,0,0,1
1756,2009-10-08,21,31,33,35,39,44,28,5,1,0,0,1,4,1
1757,2009-10-06,12,15,17,24,36,49,14,3,3,0,3,1,1,1
1758,2009-10-03,4,6,11,16,22,39,10,2,4,2,2,1,1,0
1759,2009-09-29,1,5,15,33,40,48,21,4,2,2,1,0,2,1
1760,2009-09-27,1,3,9,30,41,47,19,5,1,3,0,1,0,2
1761,2009-09-24,9,19,22,26,34,36,24,2,4,1,1,2,2,0
1762,2009-09-22,1,5,9,18,24,32,38,3,3,3,1,1,1,0
1763,2009-09-19,20,23,28,37,39,41,26,4,2,0,1,2,2,1
1764,2009-09-17,19,21,24,28,30,48,26,2,4,0,1,4,0,1
1765,2009-09-15,11,14,16,17,35,49,34,4,2,0,4,0,1,1
1766,2009-09-12,1,3,14,17,35,43,47,5,1,2,2,0,1,1
1767,2009-09-10,7,29,31,32,33,35,48,5,1,1,0,1,4,0
1768,2009-09-08,11,13,16,20,21,28,15,3,3,0,4,2,0,0
1769,2009-09-06,9,24,35,40,41,48,31,3,3,1,0,1,2,2
1770,2009-09-04,6,9,14,17,47,49,38,4,2,2,2,0,0,2
1771,2009-09-01,17,19,22,27,40,46,4,3,3,0,2,2,1,1
1772,2009-08-29,4,17,18,26,33,35,40,3,3,1,2,1,2,0
1773,2009-08-27,5,8,17,24,30,42,34,2,4,2,1,2,0,1
1774,2009-08-25,5,11,12,15,24,32,39,3,3,1,3,1,1,0
1775,2009-08-22,3,4,12,29,32,48,16,2,4,2,1,1,1,1
1776,2009-08-20,12,15,22,26,27,29,37,3,3,0,2,4,0,0
1777,2009-08-18,1,3,15,18,20,33,48,4,2,2,3,0,1,0
1778,2009-08-15,6,16,20,23,24,34,42,1,5,1,2,2,1,0
1779,2009-08-13,3,6,18,27,29,37,4,4,2,2,1,2,1,0
1780,2009-08-11,1,15,23,24,31,39,33,5,1,1,1,2,2,0
1781,2009-08-08,5,8,10,11,23,30,42,3,3,3,1,2,0,0
1782,2009-08-06,18,28,38,39,47,48,24,2,4,0,1,1,2,2
1783,2009-08-04,9,27,32,34,36,37,20,3,3,1,0,1,4,0
1784,2009-08-01,1,8,20,45,47,48,11,3,3,2,1,0,0,3
1785,2009-07-30,4,11,12,18,21,40,44,2,4,1,3,1,1,0
1786,2009-07-28,4,11,20,28,46,49,31,2,4,1,2,1,0,2
1787,2009-07-25,4,22,23,31,36,47,20,3,3,1,0,2,2,1
1788,2009-07-23,1,3,11,15,39,47,44,6,0,2,2,0,1,1
1789,2009-07-21,1,4,6,13,15,48,39,3,3,3,2,0,0,1
1790,2009-07-18,24,28,29,38,39,41,19,3,3,0,0,3,2,1
1791,2009-07-16,3,5,14,17,29,45,31,5,1,2,2,1,0,1
1792,2009-07-14,2,10,19,39,46,47,41,3,3,2,1,0,1,2
1793,2009-07-11,2,9,18,21,32,47,26,3,3,2,1,1,1,1
1794,2009-07-09,4,24,26,30,31,46,2,1,5,1,0,3,1,1
1795,2009-07-07,6,27,30,38,41,47,20,3,3,1,0,2,1,2
1796,2009-07-04,2,14,17,19,20,49,26,3,3,1,4,0,0,1
1797,2009-07-02,6,19,22,24,29,40,4,2,4,1,1,3,1,0
1798,2009-06-30,5,11,15,17,25,46,24,5,1,1,3,1,0,1
1799,2009-06-27,16,18,21,26,30,48,45,1,5,0,2,3,0,1
1800,2009-06-25,12,19,26,30,36,45,20,2,4,0,2,2,1,1
1801,2009-06-23,1,19,34,39,43,48,45,4,2,1,1,0,2,2
1802,2009-06-20,7,11,24,32,35,49,46,4,2,1,1,1,2,1
1803,2009-06-18,2,11,17,19,22,26,13,3,3,1,3,2,0,0
1804,2009-06-16,16,25,27,30,37,41,36,4,2,0,1,3,1,1
1805,2009-06-14,12,13,25,39,42,43,38,4,2,0,2,1,1,2
1806,2009-06-11,8,11,15,20,33,43,34,4,2,1,3,0,1,1
1807,2009-06-09,7,13,16,35,42,46,25,3,3,1,2,0,1,2
1808,2009-06-06,1,5,8,23,32,48,3,3,3,3,0,1,1,1
1809,2009-06-04,4,9,19,22,24,43,1,3,3,2,1,2,0,1
1810,2009-06-02,5,7,18,26,29,47,2,4,2,2,1,2,0,1
1811,2009-05-30,9,12,14,20,27,36,11,2,4,1,3,1,1,0
1812,2009-05-28,2,12,20,28,46,49,31,1,5,1,2,1,0,2
1813,2009-05-26,11,14,19,25,27,47,20,5,1,0,3,2,0,1
1814,2009-05-23,1,8,21,32,37,46,22,3,3,2,0,1,2,1
1815,2009-05-19,28,33,36,38,40,45,4,2,4,0,0,1,4,1
1816,2009-05-16,3,7,11,18,20,27,2,4,2,2,3,1,0,0
1817,2009-05-14,6,23,31,43,46,49,40,4,2,1,0,1,1,3
1818,2009-05-12,9,25,29,36,38,41,23,4,2,1,0,2,2,1
1819,2009-05-10,11,14,21,28,41,48,32,3,3,0,2,2,0,2
1820,2009-05-07,2,3,7,9,16,34,14,3,3,4,1,0,1,0
1821,2009-05-05,5,29,30,31,41,45,47,5,1,1,0,2,1,2
1822,2009-05-02,1,6,18,29,39,48,10,3,3,2,1,1,1,1
1823,2009-04-30,8,11,21,30,38,49,35,3,3,1,1,2,1,1
1824,2009-04-28,3,7,20,34,36,41,39,3,3,2,1,0,2,1
1825,2009-04-25,4,17,34,38,46,49,7,2,4,1,1,0,2,2
1826,2009-04-23,15,20,34,42,45,46,23,2,4,0,2,0,1,3
1827,2009-04-21,4,18,31,41,42,43,24,3,3,1,1,0,1,3
1828,2009-04-18,10,14,22,29,33,48,5,2,4,1,1,2,1,1
1829,2009-04-16,1,11,12,19,28,30,49,3,3,1,3,2,0,0
1830,2009-04-14,2,7,22,27,41,42,5,3,3,2,0,2,0,2
1831,2009-04-11,3,16,25,38,45,47,35,4,2,1,1,1,1,2
1832,2009-04-09,7,9,22,29,44,49,1,4,2,2,0,2,0,2
1833,2009-04-07,4,21,22,29,41,45,14,4,2,1,0,3,0,2
1834,2009-04-04,2,6,10,17,18,46,34,1,5,3,2,0,0,1
1835,2009-04-02,7,13,20,33,39,45,30,5,1,1,2,0,2,1
1836,2009-03-31,1,7,15,23,29,35,14,6,0,2,1,2,1,0
1837,2009-03-29,24,32,36,40,42,43,47,1,5,0,0,1,3,2
1838,2009-03-26,5,14,34,36,38,42,19,1,5,1,1,0,3,1
1839,2009-03-24,4,12,15,16,38,46,21,1,5,1,3,0,1,1
1840,2009-03-21,13,23,27,32,34,43,22,4,2,0,1,2,2,1
1841,2009-03-19,6,14,18,21,32,46,43,1,5,1,2,1,1,1
1842,2009-03-17,11,12,14,17,21,37,10,4,2,0,4,1,1,0
1843,2009-03-14,10,16,19,33,42,43,12,3,3,1,2,0,1,2
1844,2009-03-12,2,12,15,16,30,32,5,1,5,1,3,1,1,0
1845,2009-03-10,21,27,32,33,39,48,9,4,2,0,0,2,3,1
1846,2009-03-08,3,4,11,28,37,40,36,3,3,2,1,1,2,0
1847,2009-03-05,2,7,17,20,33,47,45,4,2,2,2,0,1,1
1848,2009-03-03,22,25,30,37,38,49,15,3,3,0,0,3,2,1
1849,2009-02-28,5,15,22,24,34,46,26,2,4,1,1,2,1,1
1850,2009-02-26,14,15,19,23,24,25,2,4,2,0,3,3,0,0
1851,2009-02-24,1,9,32,37,38,47,25,4,2,2,0,0,3,1
1852,2009-02-21,7,8,14,15,20,21,44,3,3,2,3,1,0,0
1853,2009-02-19,6,9,16,26,29,36,8,2,4,2,1,2,1,0
1854,2009-02-17,8,12,15,26,39,44,6,2,4,1,2,1,1,1
1855,2009-02-14,12,17,31,37,39,46,8,4,2,0,2,0,3,1
1856,2009-02-12,10,14,22,28,32,42,36,0,6,1,1,2,1,1
1857,2009-02-10,4,6,14,21,24,48,8,1,5,2,1,2,0,1
1858,2009-02-07,9,12,42,44,45,48,35,2,4,1,1,0,0,4
1859,2009-02-05,3,23,25,36,46,47,20,4,2,1,0,2,1,2
1860,2009-02-03,8,12,26,31,44,46,42,1,5,1,1,1,1,2
1861,2009-01-31,4,9,10,14,24,29,38,2,4,3,1,2,0,0
1862,2009-01-29,6,8,9,17,25,36,4,3,3,3,1,1,1,0
1863,2009-01-27,7,13,17,21,42,45,36,5,1,1,2,1,0,2
1864,2009-01-25,4,12,19,40,44,47,49,2,4,1,2,0,1,2
1865,2009-01-23,5,17,37,38,44,47,12,4,2,1,1,0,2,2
1866,2009-01-20,5,13,22,29,34,42,37,3,3,1,1,2,1,1
1867,2009-01-17,1,15,16,28,29,47,37,4,2,1,2,2,0,1
1868,2009-01-15,6,9,10,12,24,32,30,1,5,3,1,1,1,0
1869,2009-01-13,12,15,36,40,41,49,42,3,3,0,2,0,2,2
1870,2009-01-11,3,7,16,19,44,47,31,4,2,2,2,0,0,2
1871,2009-01-08,18,19,22,33,42,46,7,2,4,0,2,1,1,2
1872,2009-01-06,9,14,23,30,42,45,19,3,3,1,1,2,0,2
1873,2009-01-03,2,10,16,21,22,30,26,1,5,2,1,3,0,0
1874,2008-12-30,4,8,18,29,40,47,9,2,4,2,1,1,1,1
1875,2008-12-27,2,17,19,21,24,34,18,3,3,1,2,2,1,0
1876,2008-12-23,22,24,26,29,33,48,46,2,4,0,0,4,1,1
1877,2008-12-21,6,13,20,26,34,40,10,1,5,1,2,1,2,0
1878,2008-12-18,2,22,27,31,40,46,13,2,4,1,0,2,2,1
1879,2008-12-16,21,29,32,36,38,44,43,2,4,0,0,2,3,1
1880,2008-12-13,1,7,27,36,40,48,13,3,3,2,0,1,2,1
1881,2008-12-11,1,10,11,41,47,48,20,4,2,2,1,0,0,3
1882,2008-12-09,7,14,21,43,44,47,35,4,2,1,1,1,0,3
1883,2008-12-07,4,9,17,26,28,30,1,2,4,2,1,3,0,0
1884,2008-12-04,8,10,28,35,37,47,12,3,3,2,0,1,2,1
1885,2008-12-02,3,13,29,30,31,43,8,5,1,1,1,2,1,1
1886,2008-11-29,5,6,27,33,36,37,48,4,2,2,0,1,3,0
1887,2008-11-27,4,6,14,21,36,46,41,1,5,2,1,1,1,1
1888,2008-11-25,3,9,18,38,46,48,13,2,4,2,1,0,1,2
1889,2008-11-22,1,3,4,17,24,28,7,3,3,3,1,2,0,0
1890,2008-11-20,4,13,31,36,40,41,49,3,3,1,1,0,3,1
1891,2008-11-18,5,11,18,28,29,32,10,3,3,1,2,2,1,0
1892,2008-11-15,2,5,8,24,32,37,35,2,4,3,0,1,2,0
1893,2008-11-13,9,10,20,33,34,43,42,3,3,2,1,0,2,1
1894,2008-11-11,17,19,20,27,32,35,11,4,2,0,3,1,2,0
1895,2008-11-09,1,4,6,15,24,48,43,2,4,3,1,1,0,1
1896,2008-11-06,5,6,28,35,42,43,4,3,3,2,0,1,1,2
1897,2008-11-03,1,8,20,25,38,43,39,3,3,2,1,1,1,1
1898,2008-11-01,11,17,19,23,32,44,25,4,2,0,3,1,1,1
1899,2008-10-30,5,13,23,33,37,40,39,5,1,1,1,1,3,0
1900,2008-10-28,3,10,11,13,26,48,9,3,3,2,2,1,0,1
1901,2008-10-25,3,13,18,20,22,30,39,2,4,1,3,2,0,0
1902,2008-10-23,5,9,19,21,27,46,37,5,1,2,1,2,0,1
1903,2008-10-21,1,8,9,32,35,37,14,4,2,3,0,0,3,0
1904,2008-10-18,3,6,7,9,32,35,24,4,2,4,0,0,2,0
1905,2008-10-16,6,21,31,40,42,44,7,2,4,1,0,1,2,2
1906,2008-10-14,11,14,19,21,41,44,31,4,2,0,3,1,0,2
1907,2008-10-11,8,11,35,37,38,46,27,3,3,1,1,0,3,1
1908,2008-10-09,1,2,12,19,27,38,41,3,3,2,2,1,1,0
1909,2008-10-07,4,10,26,34,46,49,5,1,5,2,0,1,1,2
1910,2008-10-04,4,14,16,19,22,35,9,2,4,1,3,1,1,0
1911,2008-10-02,13,17,20,29,32,42,15,3,3,0,3,1,1,1
1912,2008-09-30,11,26,27,39,40,47,34,4,2,0,1,2,2,1
1913,2008-09-27,7,17,33,36,39,44,31,4,2,1,1,0,3,1
1914,2008-09-25,1,4,15,16,29,46,30,3,3,2,2,1,0,1
1915,2008-09-20,4,5,10,27,28,49,46,3,3,3,0,2,0,1
1916,2008-09-18,2,17,34,38,46,49,33,2,4,1,1,0,2,2
1917,2008-09-16,4,9,14,25,36,40,45,2,4,2,1,1,2,0
1918,2008-09-13,3,8,9,16,34,46,42,2,4,3,1,0,1,1
1919,2008-09-11,2,8,12,20,25,49,34,2,4,2,2,1,0,1
1920,2008-09-09,3,7,15,23,29,48,5,5,1,2,1,2,0,1
1921,2008-09-06,4,10,18,22,23,38,35,1,5,2,1,2,1,0
1922,2008-09-04,7,17,22,26,31,42,12,3,3,1,1,2,1,1
1923,2008-09-02,9,13,16,22,24,31,18,3,3,1,2,2,1,0
1924,2008-08-30,2,8,10,37,44,49,22,2,4,3,0,0,1,2
1925,2008-08-28,1,21,27,31,34,38,10,4,2,1,0,2,3,0
1926,2008-08-26,2,13,19,25,30,43,44,4,2,1,2,2,0,1
1927,2008-08-23,3,9,10,20,25,34,41,3,3,3,1,1,1,0
1928,2008-08-21,1,3,20,21,35,37,46,5,1,2,1,1,2,0
1929,2008-08-19,7,19,24,26,32,39,20,3,3,1,1,2,2,0
1930,2008-08-16,14,25,32,38,43,46,35,2,4,0,1,1,2,2
1931,2008-08-14,16,20,23,27,41,46,6,3,3,0,2,2,0,2
1932,2008-08-12,10,11,15,26,28,31,43,3,3,1,2,2,1,0
1933,2008-08-09,8,15,19,21,32,42,10,3,3,1,2,1,1,1
1934,2008-08-07,3,17,23,24,30,47,26,4,2,1,1,3,0,1
1935,2008-08-05,6,11,16,38,42,49,40,2,4,1,2,0,1,2
1936,2008-08-02,4,6,8,11,33,35,25,3,3,3,1,0,2,0
1937,2008-07-31,1,8,25,33,34,41,28,4,2,2,0,1,2,1
1938,2008-07-29,7,15,25,34,35,38,6,4,2,1,1,1,3,0
1939,2008-07-26,9,10,12,13,41,48,6,3,3,2,2,0,0,2
1940,2008-07-24,5,15,29,31,38,45,48,5,1,1,1,1,2,1
1941,2008-07-22,10,29,33,40,43,45,8,4,2,1,0,1,2,2
1942,2008-07-19,1,18,24,29,35,46,2,3,3,1,1,2,1,1
1943,2008-07-17,15,18,25,27,38,47,2,4,2,0,2,2,1,1
1944,2008-07-15,9,17,19,24,38,47,3,4,2,1,2,1,1,1
1945,2008-07-12,5,21,25,27,38,40,11,4,2,1,0,3,2,0
1946,2008-07-10,5,12,17,18,41,44,32,3,3,1,3,0,0,2
1947,2008-07-08,15,18,19,21,24,26,36,3,3,0,3,3,0,0
1948,2008-07-05,2,6,7,15,20,38,14,2,4,3,2,0,1,0
1949,2008-07-02,3,21,26,29,31,48,1,4,2,1,0,3,1,1
1950,2008-06-29,1,2,7,19,28,34,5,3,3,3,1,1,1,0
1951,2008-06-27,8,33,39,40,46,48,24,2,4,1,0,0,3,2
1952,2008-06-24,8,9,22,27,29,42,38,3,3,2,0,3,0,1
1953,2008-06-21,1,5,13,29,34,44,25,4,2,2,1,1,1,1
1954,2008-06-19,2,11,18,26,39,45,24,3,3,1,2,1,1,1
1955,2008-06-17,3,5,6,13,31,32,15,4,2,3,1,0,2,0
1956,2008-06-14,3,15,19,40,41,44,13,4,2,1,2,0,1,2
1957,2008-06-12,4,6,9,15,22,37,3,3,3,3,1,1,1,0
1958,2008-06-10,2,7,11,20,29,45,48,4,2,2,2,1,0,1
1959,2008-06-07,6,11,14,23,39,45,10,4,2,1,2,1,1,1
1960,2008-06-03,5,32,33,40,41,49,30,4,2,1,0,0,3,2
1961,2008-05-31,11,26,31,34,36,42,13,2,4,0,1,1,3,1
1962,2008-05-29,1,6,27,39,44,49,36,4,2,2,0,1,1,2
1963,2008-05-27,22,23,24,28,29,43,6,3,3,0,0,5,0,1
1964,2008-05-24,1,5,12,14,19,31,45,4,2,2,3,0,1,0
1965,2008-05-22,1,19,23,29,34,41,15,5,1,1,1,2,1,1
1966,2008-05-20,1,4,6,23,25,47,49,4,2,3,0,2,0,1
1967,2008-05-17,3,18,24,45,46,48,31,2,4,1,1,1,0,3
1968,2008-05-15,7,21,22,38,45,47,40,4,2,1,0,2,1,2
1969,2008-05-13,8,19,26,34,37,40,29,2,4,1,1,1,3,0
1970,2008-05-10,5,6,27,41,47,49,40,5,1,2,0,1,0,3
1971,2008-05-08,16,24,31,35,37,49,39,4,2,0,1,1,3,1
1972,2008-05-06,7,8,13,26,28,49,17,3,3,2,1,2,0,1
1973,2008-05-03,1,3,4,5,37,39,8,5,1,4,0,0,2,0
1974,2008-04-29,20,22,24,25,40,41,35,2,4,0,1,3,1,1
1975,2008-04-26,13,15,17,19,24,32,9,4,2,0,4,1,1,0
1976,2008-04-24,8,12,13,25,31,35,21,4,2,1,2,1,2,0
1977,2008-04-22,8,14,31,36,40,46,9,1,5,1,1,0,3,1
1978,2008-04-19,7,10,16,19,42,46,20,2,4,2,2,0,0,2
1979,2008-04-17,7,10,11,27,31,48,5,4,2,2,1,1,1,1
1980,2008-04-15,8,25,31,38,43,48,23,3,3,1,0,1,2,2
1981,2008-04-13,1,9,22,23,34,38,24,3,3,2,0,2,2,0
1982,2008-04-08,11,13,21,36,39,40,43,4,2,0,2,1,3,0
1983,2008-04-03,1,6,17,28,36,41,31,3,3,2,1,1,1,1
1984,2008-04-01,15,16,27,40,44,49,31,3,3,0,2,1,1,2
1985,2008-03-29,6,9,30,32,39,48,4,2,4,2,0,1,2,1
1986,2008-03-27,3,4,16,32,45,48,23,2,4,2,1,0,1,2
1987,2008-03-25,7,14,15,22,25,35,32,4,2,1,2,2,1,0
1988,2008-03-22,13,18,32,38,48,49,40,2,4,0,2,0,2,2
1989,2008-03-20,4,12,22,26,33,45,8,2,4,1,1,2,1,1
1990,2008-03-18,13,23,28,30,37,44,49,3,3,0,1,3,1,1
1991,2008-03-15,8,10,21,22,30,47,28,2,4,2,0,3,0,1
1992,2008-03-13,12,28,31,33,36,44,7,2,4,0,1,1,3,1
1993,2008-03-11,5,13,15,23,28,40,17,4,2,1,2,2,1,0
1994,2008-03-08,16,25,31,36,38,49,29,3,3,0,1,1,3,1
1995,2008-03-06,7,12,24,25,39,44,27,3,3,1,1,2,1,1
1996,2008-03-04,2,5,13,20,21,49,36,4,2,2,2,1,0,1
1997,2008-03-02,5,7,22,30,32,35,13,3,3,2,0,2,2,0
1998,2008-02-28,6,8,13,17,35,49,45,4,2,2,2,0,1,1
1999,2008-02-26,9,20,23,30,34,39,13,3,3,1,1,2,2,0
2000,2008-02-23,2,9,14,24,33,47,48,3,3,2,1,1,1,1
2001,2008-02-21,18,22,24,27,30,48,3,1,5,0,1,4,0,1
2002,2008-02-19,5,15,29,32,38,39,31,4,2,1,1,1,3,0
2003,2008-02-16,2,5,8,22,29,41,28,3,3,3,0,2,0,1
2004,2008-02-14,4,6,15,29,33,39,18,4,2,2,1,1,2,0
2005,2008-02-12,12,23,31,37,40,45,35,4,2,0,1,1,3,1
2006,2008-02-10,7,24,26,30,32,39,47,2,4,1,0,3,2,0
2007,2008-02-08,2,16,30,31,38,48,36,1,5,1,1,1,2,1
2008,2008-02-05,3,6,36,40,43,48,8,2,4,2,0,0,2,2
2009,2008-02-03,1,34,36,37,42,46,39,2,4,1,0,0,3,2
2010,2008-01-31,24,32,41,42,48,49,10,2,4,0,0,1,1,4
2011,2008-01-29,16,22,24,33,43,44,29,2,4,0,1,2,1,2
2012,2008-01-26,13,15,19,22,33,38,39,4,2,0,3,1,2,0
2013,2008-01-24,10,23,26,38,42,46,29,1,5,1,0,2,1,2
2014,2008-01-22,9,16,17,30,33,49,41,4,2,1,2,1,1,1
2015,2008-01-19,4,7,8,20,32,34,24,1,5,3,1,0,2,0
2016,2008-01-17,8,19,24,35,36,40,23,2,4,1,1,1,3,0
2017,2008-01-15,10,11,15,18,37,45,26,4,2,1,3,0,1,1
2018,2008-01-13,8,13,18,22,26,42,43,1,5,1,2,2,0,1
2019,2008-01-10,4,20,36,42,46,47,22,1,5,1,1,0,1,3
2020,2008-01-08,2,9,14,24,40,45,3,2,4,2,1,1,1,1
2021,2008-01-05,3,11,14,32,33,42,15,3,3,1,2,0,2,1
2022,2008-01-03,5,8,36,39,42,46,14,2,4,2,0,0,2,2
